credit_card_number,expire_date,cvc_code,provider,owner_name
3570945722194347,07/25,CVC: 110,JCB 16 digit,Michael Lopez
4857869653292312,06/33,CVC: 138,VISA 16 digit,Bryan Chapman
4393326607772767,10/29,CVC: 342,VISA 16 digit,Ronald White
30086586658885,09/28,CVC: 419,Diners Club / Carte Blanche,Chelsea Gates
3537762585875587,05/34,CVC: 278,JCB 16 digit,Stacey Johnson
3540084620581061,05/26,CVC: 738,JCB 16 digit,Cassidy Hughes
30110654754267,03/27,CVC: 676,Diners Club / Carte Blanche,Daniel Quinn
4758886450349453527,02/34,CVC: 147,VISA 19 digit,Brian Sanchez
3566438854363373,08/31,CVC: 773,JCB 16 digit,Jeffrey Moss
4961671581544878,04/32,CVC: 186,VISA 16 digit,Carolyn Mckenzie
30526309277992,06/34,CVC: 224,Diners Club / Carte Blanche,Aaron Schmidt
060445766219,01/34,CVV: 512,Maestro,Rachel Burton
30283034865820,11/26,CVC: 937,Diners Club / Carte Blanche,John Hall
340466964804316,05/29,CID: 8818,American Express,David Gonzalez
6514042310585003,05/27,CVC: 763,Discover,Catherine Smith
3523573484822612,06/32,CVC: 696,JCB 16 digit,Darrell Johnson
213172020053872,09/32,CVC: 382,JCB 15 digit,Alexis Owens
180072322028847,06/30,CVC: 497,JCB 15 digit,Hunter May
4785180809755617,01/33,CVC: 390,VISA 16 digit,Charles Williams
676219840177,11/25,CVV: 587,Maestro,Christopher Mcguire
5311685772264645,12/31,CVV: 751,Mastercard,Lindsay Russell
180011152432836,10/32,CVC: 572,JCB 15 digit,Robin Mosley
3512526061993308,07/28,CVC: 598,JCB 16 digit,Kyle Hartman
30356931861157,04/34,CVC: 545,Diners Club / Carte Blanche,Anthony Wright
2630658175757102,02/27,CVV: 897,Mastercard,Courtney Martinez
4989242077881,03/27,CVC: 025,VISA 13 digit,Breanna Owens
4696306942712876148,08/34,CVC: 398,VISA 19 digit,Danielle Hernandez
060421538251,03/26,CVV: 356,Maestro,Patrick Taylor
6011285835743320,11/29,CVC: 485,Discover,Ross Miller
4665358563523240,05/26,CVC: 985,VISA 16 digit,James Carter
3543873370909838,01/32,CVC: 067,JCB 16 digit,James Miller
4250196657291634,04/27,CVC: 678,VISA 16 digit,Nicole Fitzpatrick
375912773431211,01/35,CID: 0288,American Express,Alicia Blackwell
180056104076645,03/32,CVC: 599,JCB 15 digit,Katie Pacheco
5185571423767843,06/28,CVV: 791,Mastercard,Jennifer Hale
584586116777,09/25,CVV: 541,Maestro,Tiffany Fisher
180001869649699,04/31,CVC: 070,JCB 15 digit,John Alvarez
3543334596305673,01/29,CVC: 843,JCB 16 digit,Denise Strong
4511472583358911,05/30,CVC: 403,VISA 16 digit,Tiffany Jensen
4974805074675931053,10/26,CVC: 950,VISA 19 digit,Andrea Martin
180086550287354,04/29,CVC: 169,JCB 15 digit,Scott Bentley
180099592007474,03/31,CVC: 369,JCB 15 digit,Christine Chavez
2243936086764428,02/34,CVV: 463,Mastercard,Gerald Cobb
4141332073815390,09/25,CVC: 556,VISA 16 digit,Brenda Shepard
4317880776772,07/30,CVC: 369,VISA 13 digit,Eric Waters
4058337742549659311,08/30,CVC: 487,VISA 19 digit,Joshua Mitchell
561955137485,09/25,CVV: 317,Maestro,Linda Garcia
3532220517582099,03/32,CVC: 147,JCB 16 digit,Elizabeth Davis
347965231920006,04/34,CID: 3928,American Express,Charles Johnson
4252318229058506655,10/25,CVC: 755,VISA 19 digit,Kimberly Hernandez
3567811819074153,04/28,CVC: 745,JCB 16 digit,Martin Simon
3541777283461294,10/31,CVC: 019,JCB 16 digit,Scott Young
6011805416941264,09/31,CVC: 424,Discover,Brandon Williams
376175804840813,06/33,CID: 2135,American Express,Monica Davis
3529278764569982,09/34,CVC: 264,JCB 16 digit,Kimberly Gilbert
347182362261479,02/34,CID: 4298,American Express,Charles Houston
4728224960767142,04/31,CVC: 425,VISA 16 digit,Mary Hickman
4904822385067,11/26,CVC: 683,VISA 13 digit,Kristopher Campbell
502020380288,11/31,CVV: 636,Maestro,Karen Rowland
4598465023215,11/29,CVC: 875,VISA 13 digit,Tyler Jones
676274166203,05/28,CVV: 735,Maestro,Haley Strickland
180080954598615,12/32,CVC: 728,JCB 15 digit,Sarah Chaney
30253568233166,01/28,CVC: 689,Diners Club / Carte Blanche,Hayden Ferguson
3554725648366496,12/29,CVC: 625,JCB 16 digit,Joseph White
5187147924165627,04/34,CVV: 533,Mastercard,Brent Bradley
3562224118233295,12/34,CVC: 466,JCB 16 digit,Jerry Myers
4143382418626,04/25,CVC: 958,VISA 13 digit,Zoe Bell
5530779887490479,03/29,CVV: 838,Mastercard,Christy Banks
3522522564112791,01/35,CVC: 977,JCB 16 digit,Maria Avila
3506440214514128,12/31,CVC: 151,JCB 16 digit,Jacqueline Schroeder
4447412827645201,10/34,CVC: 003,VISA 16 digit,Brian Armstrong
4027052873701165,10/28,CVC: 125,VISA 16 digit,Amanda Sandoval
4053386821746705043,12/26,CVC: 530,VISA 19 digit,Lori Hoffman
3506828874127563,02/33,CVC: 408,JCB 16 digit,Zachary Campbell
4535948889881385,03/26,CVC: 719,VISA 16 digit,Krista Caldwell
4924428243888235,09/33,CVC: 931,VISA 16 digit,Melissa Clark
573339556884,09/25,CVV: 072,Maestro,Carol Harris
2550013706644427,08/28,CVV: 332,Mastercard,Timothy Allen
38614327802421,07/30,CVC: 860,Diners Club / Carte Blanche,James Green
2293899798517295,10/32,CVV: 982,Mastercard,Jasmine Smith
6573837140517086,07/32,CVC: 101,Discover,Joseph Chen
3596405541964081,02/29,CVC: 103,JCB 16 digit,Carol Castro
4574374474088,05/29,CVC: 772,VISA 13 digit,Kathryn Mitchell
213195077232172,09/30,CVC: 937,JCB 15 digit,Jill Allen
4448935833525198,10/33,CVC: 240,VISA 16 digit,Shannon Farley
180012665653561,06/32,CVC: 612,JCB 15 digit,David Gross
180021621240231,09/32,CVC: 550,JCB 15 digit,Angela Miller
213187841405416,05/28,CVC: 201,JCB 15 digit,Donald Sanford
4696700798201,10/30,CVC: 553,VISA 13 digit,Mark Li
4284127409189,11/30,CVC: 030,VISA 13 digit,Harry Barber
6011760979934257,06/34,CVC: 138,Discover,Kathleen Kim
2343171567188033,05/29,CVV: 710,Mastercard,Bryan Reese
375866424215771,11/28,CID: 7288,American Express,David Cannon
4443536329416903,11/34,CVC: 597,VISA 16 digit,Shannon Shields
630430927651,03/26,CVV: 848,Maestro,Wanda Johnson
502037169351,12/30,CVV: 574,Maestro,Jeffery Reid
370873585242433,04/32,CID: 8293,American Express,Rodney Mckinney
2268537965624525,07/26,CVV: 162,Mastercard,Raven Schwartz
676292532501,04/32,CVV: 015,Maestro,Connor Mckenzie
180015134879808,02/32,CVC: 270,JCB 15 digit,Andrew Henry
3524856587724705,07/27,CVC: 531,JCB 16 digit,Jeffery Johnson
3515465167547832,02/31,CVC: 414,JCB 16 digit,Kimberly Davis
6011588157076827,10/28,CVC: 190,Discover,Denise Trevino
4197319726622003,08/27,CVC: 187,VISA 16 digit,Kevin Hall
4922239741354832332,10/30,CVC: 746,VISA 19 digit,Brian Powell
4025407216754424,11/33,CVC: 038,VISA 16 digit,Erica Blair
3599463133767807,02/34,CVC: 745,JCB 16 digit,Miguel Hunter
4421287790180315230,05/32,CVC: 767,VISA 19 digit,Kara Russell
3502298280379576,09/27,CVC: 411,JCB 16 digit,Kimberly Gill
4462123324861727489,07/29,CVC: 580,VISA 19 digit,Kristin Montgomery
4180075007243682,08/29,CVC: 438,VISA 16 digit,Darrell Mcdonald
676288685677,09/34,CVV: 156,Maestro,Scott Johnson
630475452565,03/34,CVV: 428,Maestro,Phillip Little
6011423138922107,10/32,CVC: 865,Discover,Joyce Santana
3542526408940594,09/26,CVC: 441,JCB 16 digit,Mary Clarke
676379125351,03/29,CVV: 540,Maestro,David Johnson
213127539743264,04/33,CVC: 091,JCB 15 digit,Janet Ramirez
2269648395895400,07/29,CVV: 125,Mastercard,Robert Thomas
30572722072461,12/33,CVC: 118,Diners Club / Carte Blanche,Edward Farmer
379592253328685,08/31,CID: 6809,American Express,Paula Morris
4079605656147810,03/30,CVC: 593,VISA 16 digit,Maria Diaz
2423761607169036,03/28,CVV: 551,Mastercard,Jennifer Manning
4498001634973,06/34,CVC: 253,VISA 13 digit,James Williams
376448189569491,05/31,CID: 4745,American Express,Morgan Barnes
2255694881558629,05/29,CVV: 164,Mastercard,Amy Wheeler
4898902035636,02/28,CVC: 706,VISA 13 digit,Marcus Brown
4718962159358510,04/28,CVC: 678,VISA 16 digit,Amanda Morse
581355094045,04/31,CVV: 801,Maestro,John Carroll
213145410272617,09/27,CVC: 280,JCB 15 digit,Michael Dixon
4594632202517490,10/25,CVC: 615,VISA 16 digit,Anna Duran
30542189805968,05/32,CVC: 334,Diners Club / Carte Blanche,Nathan Fletcher
2710795387359070,03/28,CVV: 385,Mastercard,Hannah Garza
213169582712515,11/30,CVC: 136,JCB 15 digit,Justin Moore
676107474105,11/31,CVV: 275,Maestro,Jacob Moore
3598926506411824,07/25,CVC: 983,JCB 16 digit,Anna Blake
4821020484598864,02/26,CVC: 092,VISA 16 digit,Katherine Johnson
630488271564,11/28,CVV: 109,Maestro,Kimberly Long
2281380239633177,02/28,CVV: 308,Mastercard,Denise Diaz
4491052796175791,02/26,CVC: 470,VISA 16 digit,Paul Carroll
4811121599382962,10/31,CVC: 480,VISA 16 digit,Angela Haynes
6529834046111408,01/33,CVC: 620,Discover,Brenda Buckley
4448224612449094639,04/25,CVC: 831,VISA 19 digit,Kevin Martinez
3522901888031996,08/27,CVC: 712,JCB 16 digit,Doris Miller
30452428344565,08/31,CVC: 276,Diners Club / Carte Blanche,Edward Evans
4935244213921865,05/28,CVC: 648,VISA 16 digit,Michael Church
3500851295182153,08/32,CVC: 948,JCB 16 digit,Dominic Bishop
180019737835944,09/25,CVC: 250,JCB 15 digit,Diane Morales
2285995858099313,01/32,CVV: 902,Mastercard,Jennifer Johnson
3522827479707415,11/32,CVC: 172,JCB 16 digit,Joshua Ballard
213170990010484,04/27,CVC: 621,JCB 15 digit,Timothy Novak
4713077302531,04/27,CVC: 438,VISA 13 digit,Joshua Palmer
3567847745420102,07/34,CVC: 058,JCB 16 digit,Jorge Pugh
30521003472221,03/26,CVC: 256,Diners Club / Carte Blanche,Lorraine Perkins
4958574340180015,12/29,CVC: 707,VISA 16 digit,Dylan Roth
3589410680164278,02/27,CVC: 180,JCB 16 digit,Robert Jones
6011969228883625,09/28,CVC: 664,Discover,Amber Bowen
4966743777672,10/34,CVC: 548,VISA 13 digit,Christopher Ware
4075208016878686769,01/34,CVC: 100,VISA 19 digit,Megan Richmond
676180123603,10/29,CVV: 295,Maestro,Michael Phillips
4796636684605315,03/33,CVC: 719,VISA 16 digit,Ashley Villanueva
630480122252,06/31,CVV: 449,Maestro,Richard Stevenson
180066886831323,04/25,CVC: 475,JCB 15 digit,Tricia Choi
3570464714306430,04/32,CVC: 120,JCB 16 digit,Vincent Stewart
3579917506818392,10/32,CVC: 374,JCB 16 digit,Julie Lee
4528685873750,05/28,CVC: 522,VISA 13 digit,Russell Reyes
4420892147003276975,11/28,CVC: 203,VISA 19 digit,Joseph Parker
3522480374263512,09/29,CVC: 948,JCB 16 digit,Mark Bright
213162923180633,05/33,CVC: 364,JCB 15 digit,Robert Gilmore
675933415050,03/33,CVV: 099,Maestro,Chelsea Parks
38091505906250,08/25,CVC: 227,Diners Club / Carte Blanche,Angela Clay
4416405189067540,04/33,CVC: 794,VISA 16 digit,Maria Jones
180039967387507,09/32,CVC: 563,JCB 15 digit,David Peterson
180046005691071,07/28,CVC: 652,JCB 15 digit,Jerry Baker
343219505414377,11/26,CID: 5224,American Express,Heather Anderson
4476819593416997214,12/32,CVC: 800,VISA 19 digit,Kari Nelson
4437558960839670,08/30,CVC: 676,VISA 16 digit,Kyle Morrow
502095034307,01/31,CVV: 809,Maestro,Holly Todd
30114049203022,06/32,CVC: 359,Diners Club / Carte Blanche,Jennifer Mason
4910300841885,02/31,CVC: 174,VISA 13 digit,Debra Hunt
30058948721545,03/27,CVC: 612,Diners Club / Carte Blanche,Michael Romero
180072080218358,01/28,CVC: 189,JCB 15 digit,William Scott
2609908575274274,03/34,CVV: 060,Mastercard,Sarah Pope
3540947349390966,06/29,CVC: 350,JCB 16 digit,Jessica Williams
3557046386585610,02/32,CVC: 327,JCB 16 digit,Emily Mitchell
4035349041717,11/25,CVC: 986,VISA 13 digit,Yvette Wilson
576692547580,08/29,CVV: 293,Maestro,Andrew Pham
30108916390003,05/29,CVC: 944,Diners Club / Carte Blanche,Melissa Roberson
349160019478207,03/25,CID: 0429,American Express,Stephanie Woodward
4999057670701632706,07/30,CVC: 383,VISA 19 digit,Jon Joyce
4067818736055,07/28,CVC: 050,VISA 13 digit,Angela Gomez
676266788931,10/29,CVV: 154,Maestro,Ariel Kennedy
4122885897532783948,09/26,CVC: 396,VISA 19 digit,Allison Castillo
4188742412351531,02/34,CVC: 380,VISA 16 digit,Dean Williams
6514537969170478,09/33,CVC: 651,Discover,Joshua Young
6500537777289615,08/27,CVC: 895,Discover,Angela Silva
345279489330062,09/32,CID: 1717,American Express,Kaylee Oconnor
2709938983017824,11/26,CVV: 778,Mastercard,Richard Dominguez
3500547400805494,12/31,CVC: 576,JCB 16 digit,Gregory Mills
3555421308732693,12/28,CVC: 799,JCB 16 digit,Richard Mercer
2709410193706612,04/34,CVV: 325,Mastercard,Maureen Murphy
4915529436904,03/32,CVC: 357,VISA 13 digit,Sandra Caldwell
4845049198546,12/33,CVC: 308,VISA 13 digit,Matthew Soto
503803169450,07/25,CVV: 179,Maestro,Jeff Soto
30168497025204,05/27,CVC: 061,Diners Club / Carte Blanche,Christopher Chandler
4301286233948232582,04/34,CVC: 131,VISA 19 digit,Daniel Thomas
2720686846417252,03/26,CVV: 095,Mastercard,Matthew Nelson
30092195623732,11/28,CVC: 924,Diners Club / Carte Blanche,Denise Herman
4961411368037,02/32,CVC: 300,VISA 13 digit,Catherine Dean
4249224334374,09/26,CVC: 519,VISA 13 digit,Joshua Aguilar
570364787442,03/27,CVV: 815,Maestro,Joyce Butler
4387989454359943,11/27,CVC: 173,VISA 16 digit,Kayla Henry
4833981492580,10/29,CVC: 967,VISA 13 digit,Brittany Stark
4496875869957165,12/28,CVC: 832,VISA 16 digit,Deborah Chambers
30488966729866,03/31,CVC: 631,Diners Club / Carte Blanche,Michele Glass
4229300600393,09/33,CVC: 502,VISA 13 digit,William Harrison
3589911360228721,10/25,CVC: 378,JCB 16 digit,Kimberly Johnson
4710504303046753,09/27,CVC: 129,VISA 16 digit,Judith Fry
6011277343422968,11/27,CVC: 291,Discover,Amy Kennedy
4709178081719,09/30,CVC: 467,VISA 13 digit,Eric Owens
4718683271085977,01/31,CVC: 089,VISA 16 digit,Joan Hatfield
3584008905471026,01/28,CVC: 943,JCB 16 digit,Adam Roth
180099649064239,05/29,CVC: 985,JCB 15 digit,Gabriel Ho
3569911777417648,11/28,CVC: 265,JCB 16 digit,Julie Harrison
4851118236718245,05/33,CVC: 572,VISA 16 digit,Stephen Anderson
3561746802475700,04/32,CVC: 637,JCB 16 digit,Timothy Miller
180030853367216,07/25,CVC: 374,JCB 15 digit,Amy Pineda
6011625409290242,10/34,CVC: 861,Discover,William Simmons
2236214180048893,01/34,CVV: 454,Mastercard,Jacob Cain
213138251669363,04/26,CVC: 010,JCB 15 digit,Donald Collins
3556763145314758,04/31,CVC: 315,JCB 16 digit,Lori Oliver
30144678045147,10/28,CVC: 959,Diners Club / Carte Blanche,Bonnie Hall
4882899245820,04/34,CVC: 960,VISA 13 digit,Cathy Lopez
30310079095110,02/35,CVC: 140,Diners Club / Carte Blanche,Charles Gray
4953507764699304858,01/31,CVC: 768,VISA 19 digit,Diana Bird
4161626771543989,01/33,CVC: 206,VISA 16 digit,Tiffany Garcia
6011920199350110,01/31,CVC: 163,Discover,Andrew Bell
30519047996718,12/28,CVC: 172,Diners Club / Carte Blanche,Ryan Jordan
379873169656017,04/29,CID: 0000,American Express,Stephanie Davis
577148694091,11/34,CVV: 756,Maestro,Julia Simpson
4010764402964958713,02/28,CVC: 046,VISA 19 digit,Heather Avila
6566147772204709,08/28,CVC: 466,Discover,Stephanie Smith
4143994110308065,05/26,CVC: 551,VISA 16 digit,James Gould
4208705985577192,12/25,CVC: 952,VISA 16 digit,Meredith Daniels
3519915585306217,01/30,CVC: 681,JCB 16 digit,Stacey Johnson
4393093767729876406,06/28,CVC: 019,VISA 19 digit,Ebony Moore
676169610570,12/27,CVV: 723,Maestro,Mary Graham
213177964555766,10/27,CVC: 957,JCB 15 digit,Stephanie James
346661547048506,07/31,CID: 9918,American Express,Jackie Taylor
3558635249991434,06/25,CVC: 964,JCB 16 digit,Jonathan Holland
3521594099752400,03/34,CVC: 263,JCB 16 digit,Barbara Alexander
4204106191327,12/34,CVC: 437,VISA 13 digit,Caitlin Todd
630466738022,08/29,CVV: 797,Maestro,Sean Scott
4670348705696,02/32,CVC: 770,VISA 13 digit,Betty Brown
4356580151602684111,01/28,CVC: 493,VISA 19 digit,Ricardo Ward
501819847911,12/27,CVV: 992,Maestro,William Miller
3595255611741070,04/30,CVC: 104,JCB 16 digit,Savannah Walker
213156752868110,11/26,CVC: 024,JCB 15 digit,Joseph Dean
6011387540646788,09/30,CVC: 691,Discover,Rachel Stevenson
4264101082006692,09/27,CVC: 806,VISA 16 digit,Brandon Bean
4598132641647,02/32,CVC: 639,VISA 13 digit,Robert Sloan
6570782820707263,04/33,CVC: 537,Discover,Nicole Hunter
4487684942598900,03/31,CVC: 693,VISA 16 digit,Peter Carr
5514354782435068,03/30,CVV: 809,Mastercard,Sarah Boyle
36408172969654,03/27,CVC: 984,Diners Club / Carte Blanche,Robert Cruz
180082482815305,07/28,CVC: 011,JCB 15 digit,Eric Miller
30197889009773,12/25,CVC: 498,Diners Club / Carte Blanche,Kristen Chung
180081332238478,07/26,CVC: 888,JCB 15 digit,Kenneth Farmer
347652283440808,02/30,CID: 9397,American Express,Joshua Knapp
4527960353558597,02/31,CVC: 824,VISA 16 digit,Joseph Lewis
4044564358969157,03/25,CVC: 433,VISA 16 digit,Kyle Wilson
4778036864349390,09/31,CVC: 957,VISA 16 digit,Evan Bernard
3571402837697722,11/34,CVC: 742,JCB 16 digit,Sarah Crawford
4973692807694731,02/26,CVC: 688,VISA 16 digit,Kenneth Goodwin
3576324247062534,06/30,CVC: 886,JCB 16 digit,Olivia Berry
4908541788610309,02/26,CVC: 333,VISA 16 digit,Jason Horton
4244883986649838309,02/29,CVC: 261,VISA 19 digit,Paul Ford
3530675371267461,06/29,CVC: 420,JCB 16 digit,Denise Atkinson
4574097899475407523,03/30,CVC: 229,VISA 19 digit,Dillon Garcia
375333087144004,11/26,CID: 3070,American Express,Rachel Williams
30245687956404,12/31,CVC: 131,Diners Club / Carte Blanche,Sandra Jackson
213160358846322,03/26,CVC: 341,JCB 15 digit,Johnny Barrett
3508108115877336,05/29,CVC: 764,JCB 16 digit,Frank Mitchell
4184910734518327,04/28,CVC: 698,VISA 16 digit,Rodney Hunter
5303898495984866,08/33,CVV: 262,Mastercard,Kelly Smith
6586127057646978,06/34,CVC: 003,Discover,Michael Carney
4040632875036976,10/34,CVC: 403,VISA 16 digit,Jordan Bryant
4092322492534200,02/32,CVC: 291,VISA 16 digit,Jerry Santiago
3557659809295805,02/32,CVC: 153,JCB 16 digit,Amanda Wilkins
3595018433251466,12/29,CVC: 403,JCB 16 digit,Jessica Spencer
6011793578679502,01/26,CVC: 159,Discover,Michael Cain
3532910563454371,07/27,CVC: 889,JCB 16 digit,Charles Murphy
3593422272173892,10/31,CVC: 471,JCB 16 digit,Grant Russell
30014930474247,01/31,CVC: 884,Diners Club / Carte Blanche,Mark Caldwell
3596971310675513,10/29,CVC: 050,JCB 16 digit,Lisa Holt
4181998993221460557,02/28,CVC: 592,VISA 19 digit,Curtis Greene
4729307945777077658,07/33,CVC: 026,VISA 19 digit,Marie Hicks
3586160890056359,10/30,CVC: 481,JCB 16 digit,Marie Fox
348535782007013,08/31,CID: 0885,American Express,Eric Orozco
6011553750128763,12/25,CVC: 471,Discover,Sophia Vasquez
4671263505123657,10/29,CVC: 276,VISA 16 digit,Alexander Cooper
3532246875226086,03/35,CVC: 369,JCB 16 digit,Ryan Case
4683038434652000,01/28,CVC: 080,VISA 16 digit,Kristy Jordan
4550784943365209207,04/33,CVC: 386,VISA 19 digit,Andrew Edwards
377073419218237,05/31,CID: 9916,American Express,Kristen Glover
344747929985910,05/26,CID: 3618,American Express,Carol Rowland
4257438521670764,06/34,CVC: 105,VISA 16 digit,Kristi Hardin
2271099816769624,05/26,CVV: 397,Mastercard,Brian Hartman
2262008332855628,11/33,CVV: 195,Mastercard,Tiffany Richards
30385568723794,08/30,CVC: 258,Diners Club / Carte Blanche,Robert Reed
36557183465522,04/34,CVC: 794,Diners Club / Carte Blanche,Jennifer Patterson
4193050158734099,08/26,CVC: 756,VISA 16 digit,Janet Benitez
180044578809949,08/25,CVC: 100,JCB 15 digit,James Barker
370846851473783,11/29,CID: 1838,American Express,Kyle Lee
180044110960036,03/29,CVC: 128,JCB 15 digit,Mark Tucker
3508250073647465,10/28,CVC: 327,JCB 16 digit,Melissa Jacobs
2238609290249679,07/27,CVV: 022,Mastercard,Gerald Rodriguez
30531286058266,11/34,CVC: 857,Diners Club / Carte Blanche,Richard Watson
4271656591446,08/27,CVC: 483,VISA 13 digit,Tracy Ramsey
4004274983525,06/32,CVC: 695,VISA 13 digit,Barbara Schneider
4280747329883028016,08/30,CVC: 490,VISA 19 digit,Yvette Wright
180022623182066,10/28,CVC: 039,JCB 15 digit,Kelly George
675987663662,09/28,CVV: 390,Maestro,Melissa Phillips
587857579474,09/26,CVV: 157,Maestro,Melvin Ramos
340578756226811,06/28,CID: 7671,American Express,Wanda Thomas
213142986083593,04/28,CVC: 582,JCB 15 digit,Arthur Singh
36018281820860,02/31,CVC: 989,Diners Club / Carte Blanche,Tammy Cardenas
4074407364109686,11/26,CVC: 976,VISA 16 digit,Angela Stevens
4462539267393254,11/27,CVC: 686,VISA 16 digit,Mikayla Pierce
4490397223118574183,02/33,CVC: 651,VISA 19 digit,Samantha Vance
4204055612989590,07/30,CVC: 017,VISA 16 digit,John Walsh
375107383562717,07/27,CID: 2248,American Express,Jennifer Morgan
3558252786805496,01/28,CVC: 310,JCB 16 digit,Robin Stewart
30007793109918,03/29,CVC: 180,Diners Club / Carte Blanche,Michael Aguilar
376065565935482,05/25,CID: 0182,American Express,Nicole Hammond
4898754408019254,03/25,CVC: 384,VISA 16 digit,Madison Smith
4984148870972096978,06/26,CVC: 956,VISA 19 digit,Ronnie Hill
4069103851351975,07/25,CVC: 774,VISA 16 digit,Tara Cooper
3588180760369417,07/31,CVC: 224,JCB 16 digit,Nancy Dorsey
2326697746353008,04/33,CVV: 579,Mastercard,Timothy Jones
213150810057733,09/33,CVC: 806,JCB 15 digit,Zachary Howe
676149121946,12/26,CVV: 714,Maestro,Timothy Hatfield
6011425320784906,08/26,CVC: 463,Discover,Paige Wagner
213130953363825,08/28,CVC: 909,JCB 15 digit,James Powell
6599985557287295,05/33,CVC: 203,Discover,Tiffany Taylor
4332811308988837927,12/32,CVC: 374,VISA 19 digit,Kimberly Rios
3580887192463810,01/31,CVC: 629,JCB 16 digit,James Gonzalez
3570696263434499,03/30,CVC: 155,JCB 16 digit,Julia Henderson
2709303850500800,10/34,CVV: 609,Mastercard,Ryan Morales
5137281163360523,03/34,CVV: 879,Mastercard,Joshua Hernandez
3529160062394331,03/26,CVC: 936,JCB 16 digit,Kelly Parrish
4104951938089951,11/29,CVC: 825,VISA 16 digit,Michael Barajas
4851582475531438432,04/27,CVC: 665,VISA 19 digit,Rita Sharp
180054588278068,07/25,CVC: 018,JCB 15 digit,Robert Rodriguez
344524593041423,02/33,CID: 1072,American Express,Sarah Brown
4774850231884252741,11/28,CVC: 525,VISA 19 digit,Brian Stewart
4077867144848275600,08/34,CVC: 386,VISA 19 digit,Melinda Hansen
4672537759439417,05/30,CVC: 488,VISA 16 digit,Catherine Scott
30248435756837,02/29,CVC: 053,Diners Club / Carte Blanche,Christina Walker
6536764481169747,06/27,CVC: 816,Discover,Chelsea Willis
3546021653679770,07/32,CVC: 203,JCB 16 digit,Jonathan Walters
4581180645424433612,08/27,CVC: 432,VISA 19 digit,Amber Stanley
4229051987296,04/29,CVC: 420,VISA 13 digit,Brandon Mcdowell
4377705948014,05/28,CVC: 801,VISA 13 digit,Maria Turner
4713251866608,12/33,CVC: 095,VISA 13 digit,Erika Holder
3538135453417189,06/26,CVC: 623,JCB 16 digit,Victoria Jones
3581073836857134,08/34,CVC: 749,JCB 16 digit,Kurt Guerrero
377387248719664,12/29,CID: 2933,American Express,Shannon Cohen
345147770594334,10/26,CID: 7862,American Express,Stephen Love
180099859478749,08/28,CVC: 716,JCB 15 digit,Jennifer Mckinney
2710899242627604,12/26,CVV: 556,Mastercard,Elizabeth Thompson
3549943817419826,11/28,CVC: 764,JCB 16 digit,Robert Roberts
4856325083372456,08/26,CVC: 052,VISA 16 digit,Kathy Gilbert
3528312113096057,04/27,CVC: 791,JCB 16 digit,Louis Manning
4727380209706027,04/31,CVC: 019,VISA 16 digit,Leslie Cole
5380084371882799,12/29,CVV: 055,Mastercard,Nicole Taylor
639044862014,07/28,CVV: 826,Maestro,Amanda Torres
3524891230110259,01/32,CVC: 638,JCB 16 digit,Rhonda Klein
30338334828934,05/27,CVC: 890,Diners Club / Carte Blanche,Bethany Bush
4474276800285269,01/30,CVC: 443,VISA 16 digit,Meagan Thompson
3505286114724239,02/26,CVC: 021,JCB 16 digit,Nicole Preston
3503559526049409,06/32,CVC: 238,JCB 16 digit,Ebony Mcclure
213144931554900,10/29,CVC: 259,JCB 15 digit,Ryan Reyes
3524324579399317,04/26,CVC: 169,JCB 16 digit,Kayla Martinez
4402091581797748,04/29,CVC: 317,VISA 16 digit,Daniel Hines
180016019049590,09/25,CVC: 055,JCB 15 digit,John Ramirez
4065098361313,10/33,CVC: 804,VISA 13 digit,Lori Norman
213193413406915,09/29,CVC: 933,JCB 15 digit,Charles Keith
4490132170440093,01/34,CVC: 744,VISA 16 digit,Johnathan Nielsen
4533182431218571,07/32,CVC: 666,VISA 16 digit,Travis Jacobs
4238925547156139770,02/30,CVC: 603,VISA 19 digit,Daniel Johns
370742034951540,02/26,CID: 5649,American Express,Elizabeth Young
2656625835699502,06/32,CVV: 551,Mastercard,Karen Wells
3509695144084818,04/33,CVC: 689,JCB 16 digit,Michael Simpson
4133597395826,07/25,CVC: 755,VISA 13 digit,Angela Williams
213175573669226,02/32,CVC: 201,JCB 15 digit,Jim Hickman
213148691970370,01/34,CVC: 210,JCB 15 digit,Connie Yang
2241681939497642,11/28,CVV: 039,Mastercard,Tammy Miller
3574253477221894,10/33,CVC: 624,JCB 16 digit,Thomas Doyle
36817951796452,02/31,CVC: 117,Diners Club / Carte Blanche,Joan Tyler
6011494132573162,03/32,CVC: 540,Discover,Mark Melton
3599479484110165,04/32,CVC: 701,JCB 16 digit,Gregory Santos
4789039853206537,03/32,CVC: 359,VISA 16 digit,Shannon Hull
36140222047435,07/25,CVC: 600,Diners Club / Carte Blanche,Patricia Graham
3580211014454529,07/26,CVC: 852,JCB 16 digit,Holly Williams
6539684506851599,03/33,CVC: 403,Discover,Mackenzie Morris
4409743840501010227,11/27,CVC: 390,VISA 19 digit,Kimberly Evans
2231527537398314,01/26,CVV: 931,Mastercard,Jennifer Figueroa
676334060024,12/34,CVV: 231,Maestro,Cynthia Hodge
4742791078681506418,12/26,CVC: 236,VISA 19 digit,Michele Lopez
4678148301356705,05/32,CVC: 348,VISA 16 digit,Larry Bryan
3588288810609045,04/31,CVC: 303,JCB 16 digit,Samantha Thompson
501825389825,04/26,CVV: 067,Maestro,Michael Watson
4034819079530965,05/29,CVC: 833,VISA 16 digit,Lynn Lloyd
6507459038858919,08/29,CVC: 776,Discover,Daniel Wagner
4359121652272819,11/25,CVC: 989,VISA 16 digit,Michael Jacobs
6588608175908000,12/29,CVC: 717,Discover,James Lewis
3563202907282789,02/29,CVC: 862,JCB 16 digit,Debra Gomez
4294614405341882185,06/31,CVC: 180,VISA 19 digit,Donald Flores
4237177750050,12/25,CVC: 557,VISA 13 digit,Gregory James
30157628949499,06/33,CVC: 043,Diners Club / Carte Blanche,Karen Snow
3529094050926624,09/26,CVC: 671,JCB 16 digit,Sylvia Norris
4786148430897230,11/28,CVC: 633,VISA 16 digit,Dylan Stark
30193302821324,11/31,CVC: 711,Diners Club / Carte Blanche,Justin Williamson
4719470196610,07/32,CVC: 318,VISA 13 digit,Sandra Maddox
213141544632420,12/28,CVC: 716,JCB 15 digit,Thomas Wagner
213184042577622,04/33,CVC: 974,JCB 15 digit,John Copeland
573309109730,07/34,CVV: 768,Maestro,Matthew Harris
4719504263584,12/33,CVC: 104,VISA 13 digit,Jennifer Knight
4846908241193642,12/33,CVC: 889,VISA 16 digit,Eddie Brooks
4652697935722591,06/25,CVC: 772,VISA 16 digit,John Scott
3593086704546221,06/25,CVC: 918,JCB 16 digit,James Coleman
3531279376273035,12/32,CVC: 912,JCB 16 digit,Christine Mcintosh
4723932923505707,12/26,CVC: 242,VISA 16 digit,Michael Costa
3598389547977230,10/32,CVC: 418,JCB 16 digit,Barbara Harris
3501414040203755,03/32,CVC: 400,JCB 16 digit,Dillon Castro
4193249778795659698,09/29,CVC: 903,VISA 19 digit,Gregory Norton
4964566644911509002,03/31,CVC: 347,VISA 19 digit,James Meyers
4366028843663577,05/32,CVC: 861,VISA 16 digit,Rachel Campos
4852002491749316856,08/34,CVC: 996,VISA 19 digit,Michael Hendrix
4412937472656609,05/26,CVC: 772,VISA 16 digit,Walter Ellis
3555584127080964,01/35,CVC: 414,JCB 16 digit,Denise Bernard
4151800080512181,10/31,CVC: 431,VISA 16 digit,Sean Greene
4093767228084,10/28,CVC: 784,VISA 13 digit,Terrance Knight
4362121135845600897,12/27,CVC: 935,VISA 19 digit,Charles Bartlett
4720491693008403,07/31,CVC: 616,VISA 16 digit,Lisa Haley
213191992499715,02/28,CVC: 151,JCB 15 digit,Jessica Gallagher
4318870414804,03/28,CVC: 537,VISA 13 digit,Alison Ayala
4071602466325,11/31,CVC: 930,VISA 13 digit,Alexa Mason
213194275030900,04/29,CVC: 206,JCB 15 digit,Noah Rodriguez
2229693708624419,05/29,CVV: 619,Mastercard,Patricia Hill
213114963953684,09/28,CVC: 515,JCB 15 digit,Melissa Davis
4686652843923,08/31,CVC: 463,VISA 13 digit,Brittany Young
4662810454325,07/34,CVC: 598,VISA 13 digit,Stephen Boone
676372607769,10/29,CVV: 538,Maestro,Christopher Jensen
3568824560561756,10/25,CVC: 881,JCB 16 digit,Shannon Valdez
4861143246139586,10/25,CVC: 957,VISA 16 digit,Daniel Ibarra
4139716343059968330,07/27,CVC: 597,VISA 19 digit,Casey Norman
3544596562019921,05/32,CVC: 292,JCB 16 digit,Phillip Durham
180026026941804,05/30,CVC: 207,JCB 15 digit,Linda Mora
6011440408846394,03/31,CVC: 334,Discover,Joshua Smith
3505394151604122,10/30,CVC: 631,JCB 16 digit,Laura Higgins
4355044860714147302,11/27,CVC: 324,VISA 19 digit,Debbie Watkins
3553939710987284,07/30,CVC: 395,JCB 16 digit,Alyssa Jordan
587536620012,12/25,CVV: 738,Maestro,Keith James
343769338695808,02/27,CID: 1617,American Express,Joshua Flynn
6517821809325360,08/31,CVC: 031,Discover,Nancy Payne
3597639736925114,04/27,CVC: 972,JCB 16 digit,Sharon Tucker
6558312063037354,06/29,CVC: 727,Discover,Kathleen Bowen
4601625290138121,10/26,CVC: 132,VISA 16 digit,Tiffany Chung
503815421279,06/27,CVV: 299,Maestro,Diana Walsh
4007467835725,10/28,CVC: 348,VISA 13 digit,Karen Reyes
30542444478254,01/28,CVC: 291,Diners Club / Carte Blanche,Emily Bailey
2505893584462364,02/31,CVV: 996,Mastercard,Cindy Peterson
3568080193526340,01/29,CVC: 561,JCB 16 digit,Michelle Ross
4859701269925,04/26,CVC: 774,VISA 13 digit,Mary Morgan
630451491389,12/29,CVV: 424,Maestro,Eugene Carter
4928551961606441388,02/33,CVC: 743,VISA 19 digit,Heather Lyons
6579908470568447,05/27,CVC: 860,Discover,Steve Hess
376770074145388,11/31,CID: 2364,American Express,Cheryl Rosales
343830155737287,10/33,CID: 1529,American Express,Melissa Robinson
6011954708127933,10/28,CVC: 167,Discover,Andrew Reed
180097604194942,06/26,CVC: 236,JCB 15 digit,Sandra Owens
4024066710028502,02/31,CVC: 879,VISA 16 digit,Rachel Munoz
6513058870732273,03/29,CVC: 232,Discover,Michelle Smith
30233404943053,12/31,CVC: 959,Diners Club / Carte Blanche,Benjamin Riddle
3596107374414875,01/30,CVC: 650,JCB 16 digit,Edward Avila
4743255855572820744,10/25,CVC: 140,VISA 19 digit,Briana Middleton
3577033349915460,12/27,CVC: 540,JCB 16 digit,Jenna Diaz
30229941780743,02/34,CVC: 531,Diners Club / Carte Blanche,Diane Foster
30027893398385,12/26,CVC: 802,Diners Club / Carte Blanche,Derek Chapman
30322707864825,05/27,CVC: 861,Diners Club / Carte Blanche,Beth West
38495704852928,04/28,CVC: 338,Diners Club / Carte Blanche,Andrew Richardson
4535684913089714107,12/27,CVC: 976,VISA 19 digit,Dana Morton
3580041716650540,04/30,CVC: 183,JCB 16 digit,Justin Taylor
38669160491518,09/27,CVC: 430,Diners Club / Carte Blanche,Kristy Berry
676147821018,06/31,CVV: 610,Maestro,Michelle Vaughn
180023836440499,03/31,CVC: 638,JCB 15 digit,Jeffrey Mathews
502074504452,11/30,CVV: 290,Maestro,Ruben Allen
4842629769445883,04/31,CVC: 324,VISA 16 digit,Sheila Jones
2435402854145686,07/27,CVV: 557,Mastercard,Carly Rodgers
580430996372,04/33,CVV: 181,Maestro,Jason Pollard
4942542708700970,08/32,CVC: 741,VISA 16 digit,Joseph Walker
2720150286451743,05/30,CVV: 959,Mastercard,Caroline Bowman
4654573337552274,10/34,CVC: 757,VISA 16 digit,Katie Meyer
4807893830459,10/34,CVC: 337,VISA 13 digit,Ashlee Spencer
060435716034,05/25,CVV: 805,Maestro,Dale Warren
3586274556260146,05/28,CVC: 912,JCB 16 digit,Megan Li
4765088961481761,04/28,CVC: 006,VISA 16 digit,Jennifer Thomas
4711386181358180,06/29,CVC: 951,VISA 16 digit,Erin Collins
639005838722,10/33,CVV: 424,Maestro,Robert Deleon
3543846640513028,02/35,CVC: 163,JCB 16 digit,Alan Thompson
4384188193954286499,09/29,CVC: 661,VISA 19 digit,Jessica Miller
36759623663936,03/33,CVC: 939,Diners Club / Carte Blanche,Shelby Myers
4177104904337796,04/33,CVC: 450,VISA 16 digit,David Smith
180035871363626,01/31,CVC: 339,JCB 15 digit,Nancy Robertson
4975299029065,12/32,CVC: 039,VISA 13 digit,Stacy Good
4174332720028587,03/30,CVC: 774,VISA 16 digit,Nicholas Duarte
4782514206052660,03/29,CVC: 923,VISA 16 digit,David Kane
3535453329667025,02/30,CVC: 073,JCB 16 digit,Justin Duncan
4464065378520401866,06/33,CVC: 430,VISA 19 digit,Jason Perez
4938101880448,11/34,CVC: 812,VISA 13 digit,Samantha Martin
180028550126703,01/34,CVC: 655,JCB 15 digit,Eric Luna
4403137086721551338,06/29,CVC: 840,VISA 19 digit,Joshua Brown
213130197671470,09/31,CVC: 061,JCB 15 digit,Richard Moran
676219298798,07/29,CVV: 511,Maestro,Isaac Diaz
4278672000487150,02/31,CVC: 968,VISA 16 digit,Vanessa Fitzgerald
4243383196718810,04/25,CVC: 002,VISA 16 digit,Lisa Booker
4950735570901756961,05/26,CVC: 107,VISA 19 digit,Rebecca Carter
3586039952714917,07/31,CVC: 241,JCB 16 digit,Kathryn Kelley
30026684034837,11/25,CVC: 177,Diners Club / Carte Blanche,Jeanette Price
4021883829493403618,04/33,CVC: 322,VISA 19 digit,Crystal Schneider
2333007156154964,08/32,CVV: 128,Mastercard,Stephanie Holloway
4496787636947942,06/26,CVC: 200,VISA 16 digit,Jasmine Porter
4748000445015,12/28,CVC: 830,VISA 13 digit,Adam Lawson
213139394093826,11/34,CVC: 155,JCB 15 digit,Stacy Bowman
4813522835828452,12/34,CVC: 833,VISA 16 digit,Joseph Thomas
4660078217002259129,02/30,CVC: 741,VISA 19 digit,Andrew Reed
4675692822047,12/30,CVC: 616,VISA 13 digit,Michael Dixon
30494335378344,02/29,CVC: 012,Diners Club / Carte Blanche,Matthew Haley
180058609972724,03/27,CVC: 324,JCB 15 digit,Robin Key
3582763793645584,12/32,CVC: 909,JCB 16 digit,Melissa Owen
3579816324445869,08/28,CVC: 340,JCB 16 digit,Corey Thomas
3525381075954382,02/31,CVC: 521,JCB 16 digit,Nicole Shaw
3550418112268612,06/26,CVC: 974,JCB 16 digit,Scott Garza
3555280274693747,01/26,CVC: 830,JCB 16 digit,Paul Carter
30057255661799,07/29,CVC: 434,Diners Club / Carte Blanche,Peter Burch
374740392680871,04/31,CID: 6811,American Express,Derrick Price
4874776841419658,07/34,CVC: 061,VISA 16 digit,Tracy Schneider
3593561998967804,06/29,CVC: 440,JCB 16 digit,Gabriel Rodriguez
675933184052,12/30,CVV: 583,Maestro,Justin Berg
3527395745497265,11/25,CVC: 372,JCB 16 digit,Jose Thompson
2248069744075931,02/30,CVV: 831,Mastercard,John Mills
502096516153,03/34,CVV: 351,Maestro,Michael Blake
060450451210,11/32,CVV: 049,Maestro,Jacob Kim
4069373045858793,09/26,CVC: 822,VISA 16 digit,Christina Roberts
3524518972830253,07/34,CVC: 584,JCB 16 digit,Jack Jenkins
4687434412189581930,06/28,CVC: 736,VISA 19 digit,Terri Mueller
4090938282135361,03/35,CVC: 941,VISA 16 digit,Tony Jackson
213145900434958,10/29,CVC: 155,JCB 15 digit,Miguel Guerra
3595458474425977,11/28,CVC: 696,JCB 16 digit,Gregory Tucker
213109274539867,08/27,CVC: 042,JCB 15 digit,Cassandra Davis
345132278925297,09/26,CID: 5863,American Express,Mikayla Humphrey
30065510719666,06/32,CVC: 724,Diners Club / Carte Blanche,Tyler Buck
4511226968479,12/30,CVC: 570,VISA 13 digit,Tiffany Roberts
4420205591796304,03/29,CVC: 846,VISA 16 digit,Laurie Booker
3538610625619995,07/25,CVC: 753,JCB 16 digit,Jorge Marquez
2271518172827346,11/33,CVV: 975,Mastercard,Alicia Moore
36250688687416,01/31,CVC: 958,Diners Club / Carte Blanche,Susan Estes
343474218347642,11/27,CID: 5722,American Express,Andrea Armstrong
4557764985233615163,01/34,CVC: 306,VISA 19 digit,Wendy Mcdonald
2278411266139914,05/28,CVV: 155,Mastercard,Joshua Aguirre
3581214453659573,06/25,CVC: 691,JCB 16 digit,Laura Bell
6011696061648761,01/27,CVC: 450,Discover,Christopher Stevens
3574250458904365,01/34,CVC: 870,JCB 16 digit,Tanya Hill
3549161700875547,03/32,CVC: 542,JCB 16 digit,Edwin Rodriguez
4061198347492,08/25,CVC: 946,VISA 13 digit,Jesus Andrade
30559157128652,02/32,CVC: 794,Diners Club / Carte Blanche,Chad Smith
586047059181,06/31,CVV: 838,Maestro,Anthony White
501856069049,05/29,CVV: 212,Maestro,Brandi Hale
4443618891952933301,08/26,CVC: 950,VISA 19 digit,Jeffrey Cervantes
4586082063905399179,04/27,CVC: 321,VISA 19 digit,Michele Perez
3555217931802907,10/25,CVC: 540,JCB 16 digit,Vernon Harris
2234666078385400,10/31,CVV: 043,Mastercard,Zachary Mcdonald
4752116114651934,10/25,CVC: 310,VISA 16 digit,Bruce Hudson
3542285786527081,05/31,CVC: 702,JCB 16 digit,Carrie Harrison
36641525961040,08/31,CVC: 730,Diners Club / Carte Blanche,Jeffrey Foster
30312017752992,09/26,CVC: 529,Diners Club / Carte Blanche,Cole Nicholson
4504268081256141072,03/32,CVC: 593,VISA 19 digit,Luke Mitchell
2247377740799151,02/33,CVV: 417,Mastercard,Thomas Berry
4259046886309502,05/31,CVC: 414,VISA 16 digit,Robert Matthews
4069947940848,04/32,CVC: 390,VISA 13 digit,Sean Rose
213187583146202,09/25,CVC: 034,JCB 15 digit,Anthony Ray
6011860820889005,07/26,CVC: 171,Discover,Jerry Oneill
180019121583266,11/26,CVC: 415,JCB 15 digit,Steven Wilson
2253130999349835,01/26,CVV: 866,Mastercard,Thomas Robertson
30569176875514,04/32,CVC: 167,Diners Club / Carte Blanche,John Henderson
4805108185488814,02/35,CVC: 877,VISA 16 digit,Nathan Moore
3584141970124343,07/27,CVC: 195,JCB 16 digit,David Davis
589678057508,05/25,CVV: 808,Maestro,Eric Walton
180040745593705,12/28,CVC: 333,JCB 15 digit,Tyler Summers
180004917577847,02/35,CVC: 866,JCB 15 digit,Laura Wang
576557611273,04/29,CVV: 443,Maestro,James Kemp
2390731107159885,06/25,CVV: 707,Mastercard,Bryce Duke
4275868902162510,05/29,CVC: 392,VISA 16 digit,Monica Krause
2287942558519461,07/30,CVV: 292,Mastercard,Douglas Wilson
4531608178424267920,01/35,CVC: 579,VISA 19 digit,Kaylee Hays
2508942697620603,03/28,CVV: 256,Mastercard,Jacob Shaw
4536982738297638617,03/33,CVC: 863,VISA 19 digit,Douglas Knight
3500730963018966,12/34,CVC: 066,JCB 16 digit,Felicia Madden
6503486916408198,04/31,CVC: 655,Discover,Patrick Cox
4636530426170489374,05/27,CVC: 011,VISA 19 digit,Lori Warren
4058305572566471326,01/32,CVC: 422,VISA 19 digit,Jon Moody
5356129105792036,05/32,CVV: 542,Mastercard,Adam Johnson
566404693020,05/31,CVV: 392,Maestro,Amber Mclaughlin
341035835317177,04/34,CID: 1530,American Express,Steven Castillo
30565016929008,03/27,CVC: 102,Diners Club / Carte Blanche,Heather Howard
4669058475944452,09/27,CVC: 729,VISA 16 digit,David Jenkins
30416581456946,11/25,CVC: 868,Diners Club / Carte Blanche,Jenna Frazier
2650068017342789,01/32,CVV: 207,Mastercard,Deanna Randolph
3536658203854213,01/26,CVC: 888,JCB 16 digit,Christine Hernandez
4727383886343822733,11/33,CVC: 687,VISA 19 digit,Mary Christensen
4655655145481326203,12/26,CVC: 976,VISA 19 digit,Craig Wallace
4824741038777973853,08/25,CVC: 682,VISA 19 digit,Leslie Reynolds
5207739014178100,07/28,CVV: 138,Mastercard,Angela Ingram
373405862926466,01/33,CID: 8916,American Express,Walter Johnson
4805166718161,09/25,CVC: 173,VISA 13 digit,Danielle Daugherty
30428569007492,07/32,CVC: 051,Diners Club / Carte Blanche,Leslie Larson
30381361452152,06/32,CVC: 033,Diners Club / Carte Blanche,Jennifer Campbell
3595498659616727,01/32,CVC: 346,JCB 16 digit,Denise Moore
4525963333300124,02/35,CVC: 067,VISA 16 digit,Charles West
213156750624135,01/31,CVC: 366,JCB 15 digit,Barbara Moore
4168765469974610,04/34,CVC: 075,VISA 16 digit,Donna Hernandez
4826392431718,04/34,CVC: 784,VISA 13 digit,Megan Clayton
30348179330532,01/33,CVC: 264,Diners Club / Carte Blanche,Monica Church
6011937648848866,08/27,CVC: 865,Discover,Robert Williams
30354378422146,09/30,CVC: 657,Diners Club / Carte Blanche,Joseph Martin
374802454492395,04/25,CID: 8722,American Express,William Dominguez
4561282202885198240,04/30,CVC: 363,VISA 19 digit,Sergio Beck
5570271745123485,01/27,CVV: 260,Mastercard,Bridget Higgins
503810772379,09/34,CVV: 477,Maestro,Bethany Smith
4355635072958115,05/34,CVC: 360,VISA 16 digit,Tina Taylor
343253675374293,11/31,CID: 1264,American Express,Michael Oliver
2585624850659513,05/31,CVV: 198,Mastercard,Joshua Fields
6539394377873595,01/29,CVC: 922,Discover,Tracy Rodriguez
3544066431177151,01/28,CVC: 715,JCB 16 digit,Kara Huffman
3597986162442118,01/35,CVC: 684,JCB 16 digit,Gabriel Wilson
3529127726912006,05/28,CVC: 890,JCB 16 digit,Sean Smith
4380811065857497170,08/30,CVC: 322,VISA 19 digit,Cindy Sawyer
180013233686018,04/26,CVC: 095,JCB 15 digit,Tammy Hanna
213186709159479,01/29,CVC: 465,JCB 15 digit,Michelle Hickman
3529256548388960,08/27,CVC: 747,JCB 16 digit,Paula Kennedy
3543176531336564,10/34,CVC: 726,JCB 16 digit,Suzanne Murray
4077321378167449,09/28,CVC: 945,VISA 16 digit,Michael Johnson
3516917103311854,05/34,CVC: 851,JCB 16 digit,Jason Johnson
4101620780471483,01/27,CVC: 981,VISA 16 digit,Barbara Ellis
180080288200995,04/26,CVC: 338,JCB 15 digit,Melissa Lewis
6593894316704416,08/26,CVC: 486,Discover,Jessica Thompson
4340045861091532,07/33,CVC: 609,VISA 16 digit,Alexander Copeland
4904166930482107734,12/26,CVC: 394,VISA 19 digit,Sylvia Knight
30205521716398,03/26,CVC: 833,Diners Club / Carte Blanche,John Rojas
675903408408,04/33,CVV: 807,Maestro,Stacie Parker
4344809230814,02/26,CVC: 898,VISA 13 digit,Richard Torres
4346530154507702,09/34,CVC: 262,VISA 16 digit,Jessica Vargas
502019117535,07/32,CVV: 550,Maestro,Thomas Pittman
4948174306653718,07/27,CVC: 788,VISA 16 digit,Jonathan Guerrero
30472631007635,01/33,CVC: 133,Diners Club / Carte Blanche,Laura Gentry
4329206336983,07/29,CVC: 949,VISA 13 digit,Melissa Frey
6564959926976236,09/27,CVC: 386,Discover,Ann Cooper
4428538594862761147,12/31,CVC: 327,VISA 19 digit,Shawn Perez
6011031835787341,01/35,CVC: 533,Discover,Samuel Campbell
3569473909930188,07/28,CVC: 014,JCB 16 digit,Sharon Flores
4541229245499593932,09/28,CVC: 516,VISA 19 digit,Michael Myers
4319469543796960,01/30,CVC: 076,VISA 16 digit,Kevin Dillon
4461226729002,10/33,CVC: 451,VISA 13 digit,Kim Ferguson
4703756351925,02/35,CVC: 777,VISA 13 digit,Jamie Garcia
4260177354342437716,11/29,CVC: 445,VISA 19 digit,Anthony Warren
4466348197405237037,11/34,CVC: 939,VISA 19 digit,Linda Cohen
3509735066923773,08/28,CVC: 296,JCB 16 digit,Carla Cruz
2234241687947501,12/25,CVV: 576,Mastercard,Kyle Lucas
4969976140390497184,12/26,CVC: 673,VISA 19 digit,Amy Becker
6011401529758488,02/28,CVC: 458,Discover,Denise Welch
3531098907372250,10/26,CVC: 503,JCB 16 digit,Anthony Gonzalez
4728673879161,04/30,CVC: 882,VISA 13 digit,Christopher Acosta
6506981611673788,01/35,CVC: 691,Discover,Christopher Hernandez
503892175541,10/31,CVV: 305,Maestro,Leah Hodge
3586765529235057,08/25,CVC: 325,JCB 16 digit,David Fox
374823039761161,10/27,CID: 2484,American Express,Amy Jones
3580877703801434,01/28,CVC: 227,JCB 16 digit,Pamela Ochoa
2252243857605536,11/25,CVV: 019,Mastercard,Cheryl Wolf
4273007687762131015,10/28,CVC: 436,VISA 19 digit,James Heath
30020469633350,02/35,CVC: 922,Diners Club / Carte Blanche,Joan Soto
6011355287008819,07/33,CVC: 731,Discover,Nicholas Taylor
3561368991427416,06/27,CVC: 716,JCB 16 digit,Vanessa Garcia
4926290821141439,10/34,CVC: 612,VISA 16 digit,Kelly Martinez
4360491471864550,07/33,CVC: 521,VISA 16 digit,Donald Mcconnell
4268000428358393,11/28,CVC: 704,VISA 16 digit,Katrina Simmons
6011014804146566,03/31,CVC: 408,Discover,Erica Martinez
2249383659758566,10/26,CVV: 153,Mastercard,Cynthia Peters
3547875082626937,07/26,CVC: 004,JCB 16 digit,Randall Fernandez
4304229114963739,11/27,CVC: 124,VISA 16 digit,Lisa Obrien
4105453809799193353,08/33,CVC: 892,VISA 19 digit,Brooke Francis
676185822324,03/27,CVV: 621,Maestro,Eric Coleman
3561548844388432,03/27,CVC: 926,JCB 16 digit,John Petersen
3541857210341858,12/26,CVC: 986,JCB 16 digit,Cassandra Perkins
376819842032939,01/28,CID: 6214,American Express,Andrea Hoffman
4203933556950829241,02/29,CVC: 521,VISA 19 digit,Matthew Bush
675932888307,12/33,CVV: 509,Maestro,Katie Dominguez
6557920942601363,09/31,CVC: 955,Discover,Lisa Anderson
675944316503,11/34,CVV: 472,Maestro,John Brooks
2271668792745384,05/31,CVV: 262,Mastercard,David Moore
4092919730070721,11/29,CVC: 098,VISA 16 digit,Deborah Foster
4211685494634,08/29,CVC: 423,VISA 13 digit,Beth Lawson
6011941280703504,09/27,CVC: 788,Discover,Mark Padilla
4311809802985440,05/31,CVC: 039,VISA 16 digit,Robert Rowe
6557555917492511,10/30,CVC: 106,Discover,Sharon Anderson
3551640858622137,04/30,CVC: 192,JCB 16 digit,Travis Turner
30219956177208,06/29,CVC: 705,Diners Club / Carte Blanche,Derek Holt
4603574913047210,09/30,CVC: 012,VISA 16 digit,Hector Mooney
4590297767606,10/33,CVC: 679,VISA 13 digit,Sydney Ellis
180078443553480,10/30,CVC: 282,JCB 15 digit,Gregory Barton
180044437733025,07/33,CVC: 614,JCB 15 digit,Kathy Ross
3568742331647128,07/26,CVC: 646,JCB 16 digit,Morgan Perez
4442368748436345813,08/33,CVC: 381,VISA 19 digit,Ronnie Lawrence
6011266322575078,02/34,CVC: 770,Discover,Lauren Gonzales
501832763004,08/25,CVV: 306,Maestro,Jennifer Randolph
4115723015495626,02/28,CVC: 985,VISA 16 digit,Heather Miller
4688331202733077,03/34,CVC: 903,VISA 16 digit,Raymond Wilson
340512806614320,09/34,CID: 4458,American Express,Courtney Osborne
38410278568206,09/26,CVC: 498,Diners Club / Carte Blanche,Kathleen Scott
36840152416761,03/34,CVC: 926,Diners Club / Carte Blanche,Melissa Mccarthy
4961197832615978,12/25,CVC: 566,VISA 16 digit,Tyrone Villegas
4102325414795,05/25,CVC: 545,VISA 13 digit,Richard Chavez
4341087091173,01/26,CVC: 128,VISA 13 digit,Megan Morales
060485021822,10/28,CVV: 182,Maestro,Janice Thomas
36904646025206,07/28,CVC: 642,Diners Club / Carte Blanche,David Mccoy
36951800252977,08/25,CVC: 711,Diners Club / Carte Blanche,David Fitzgerald
4127024121381370,03/30,CVC: 461,VISA 16 digit,Christopher Burgess
6011183901438661,07/34,CVC: 858,Discover,Sandy Chaney
213102859514728,02/33,CVC: 890,JCB 15 digit,Lori Diaz
180048990722739,03/34,CVC: 766,JCB 15 digit,Steven Moon
30130773708721,07/28,CVC: 287,Diners Club / Carte Blanche,Kayla Gray
3558605554937694,12/25,CVC: 608,JCB 16 digit,Christine Clark
4846535776647,02/29,CVC: 348,VISA 13 digit,Christopher Morgan
3541920098241242,04/32,CVC: 889,JCB 16 digit,Steven Howard
348335837065276,12/27,CID: 8051,American Express,Joshua Dyer
4887574727231536,08/29,CVC: 578,VISA 16 digit,Krystal Roberson
4858808744296519,06/28,CVC: 197,VISA 16 digit,Timothy Singleton
213138102460731,12/27,CVC: 287,JCB 15 digit,Hayden Peck
180051599988081,12/32,CVC: 576,JCB 15 digit,Tracy Perez
2269379912446085,12/29,CVV: 541,Mastercard,Neil Morales
2221812056854133,02/34,CVV: 426,Mastercard,Nicole Booth
345921860235481,08/25,CID: 4631,American Express,Joshua Simpson
581663609799,12/32,CVV: 224,Maestro,Mark Leblanc
345665239607389,05/27,CID: 5632,American Express,Ryan Cook
3554746959829278,01/26,CVC: 599,JCB 16 digit,Michael Strickland
4582977968722477,11/34,CVC: 103,VISA 16 digit,Antonio Costa
30243482480290,12/28,CVC: 964,Diners Club / Carte Blanche,Bethany Holmes
213114106590401,06/26,CVC: 524,JCB 15 digit,Ann Moreno
2296692705554650,04/32,CVV: 911,Mastercard,Albert Graham
675915185044,04/32,CVV: 470,Maestro,Joseph Jefferson
6516174016521418,10/29,CVC: 582,Discover,Thomas Barnes
3590160935688988,09/28,CVC: 106,JCB 16 digit,Rebecca Schultz
213148745315747,09/32,CVC: 395,JCB 15 digit,Oscar Andrews
2382464992595787,05/34,CVV: 128,Mastercard,Kristin Gill
4509020785725031171,06/27,CVC: 058,VISA 19 digit,Jennifer Ellison
3576558825611580,10/29,CVC: 942,JCB 16 digit,William Thompson
30149193164174,06/27,CVC: 522,Diners Club / Carte Blanche,Devin Allen
4131363661336065379,08/26,CVC: 975,VISA 19 digit,Sarah Hernandez
4044231007965164,12/25,CVC: 214,VISA 16 digit,Joseph Wise
180094137620048,05/26,CVC: 886,JCB 15 digit,Brittany Bridges
4450329792589434,11/31,CVC: 090,VISA 16 digit,Dennis Gray
676368560758,05/30,CVV: 031,Maestro,Matthew Bennett
4989565753962364569,02/29,CVC: 010,VISA 19 digit,Patricia Carroll
4071370252618378976,08/30,CVC: 763,VISA 19 digit,Nancy Collins
3514643309504975,05/29,CVC: 005,JCB 16 digit,Peter Wells
4668478203439636,02/26,CVC: 111,VISA 16 digit,Lisa Robertson
180057002336396,01/28,CVC: 260,JCB 15 digit,Christian Strong
4051418064999901,06/25,CVC: 015,VISA 16 digit,Daniel Young
38987403998556,11/34,CVC: 911,Diners Club / Carte Blanche,Tami Adams
6011556390307556,01/33,CVC: 303,Discover,Tara Jones
4511311872174241917,01/28,CVC: 672,VISA 19 digit,Alejandro Singh
4052688131678519,08/31,CVC: 423,VISA 16 digit,Hailey Thomas
375148005730324,04/25,CID: 7276,American Express,Michelle Herrera
4742948546154290,04/30,CVC: 361,VISA 16 digit,Jillian Montes
4041964028700979,03/27,CVC: 703,VISA 16 digit,Brian Nguyen
3502979567407947,05/29,CVC: 445,JCB 16 digit,Stanley Soto
343768290612736,11/25,CID: 2768,American Express,Sonia Black
180002851490829,06/34,CVC: 752,JCB 15 digit,Allison Vasquez
376745411915099,11/28,CID: 3088,American Express,Wendy Garza
3558717381262541,06/34,CVC: 726,JCB 16 digit,Dale Mclean
4793922183259760036,03/34,CVC: 241,VISA 19 digit,Christopher Berry
3531767958161230,12/30,CVC: 603,JCB 16 digit,David Jones
5212445882767866,07/30,CVV: 403,Mastercard,Jessica Weiss
3504071941327500,09/31,CVC: 822,JCB 16 digit,William Horn
6011375601659949,10/30,CVC: 369,Discover,Sara Mason
4203413754819,06/28,CVC: 511,VISA 13 digit,Evan Howell
4120136123514613,07/27,CVC: 577,VISA 16 digit,Jennifer Rodriguez
3510235582734876,09/28,CVC: 367,JCB 16 digit,Mary Davis
4590911080065895,03/30,CVC: 093,VISA 16 digit,Jamie Faulkner
3576164534235033,11/29,CVC: 499,JCB 16 digit,John Thomas
3550537840306947,09/31,CVC: 451,JCB 16 digit,Jennifer Smith
180062462982770,06/32,CVC: 548,JCB 15 digit,Isaac Greene
6011203300494972,09/28,CVC: 391,Discover,Brandy Ingram
4958984697540847728,07/28,CVC: 871,VISA 19 digit,Jasmine Murillo
676234481403,10/32,CVV: 295,Maestro,Isaac Brown
3517851262201409,07/27,CVC: 719,JCB 16 digit,Amber Vasquez
30458691353456,02/26,CVC: 536,Diners Club / Carte Blanche,Melissa Hernandez
213120678236018,12/31,CVC: 545,JCB 15 digit,Jonathan Gonzalez
4342175943119,11/25,CVC: 577,VISA 13 digit,Brian Espinoza
5343921095776367,07/33,CVV: 618,Mastercard,Kyle Wilkerson
6527120543149295,04/29,CVC: 280,Discover,Alice Brown
2273079046926101,04/28,CVV: 891,Mastercard,Stephanie Williams
371550833565026,06/29,CID: 6107,American Express,Michael Ramsey
060439762521,08/25,CVV: 944,Maestro,Catherine Short
376396752115525,07/28,CID: 1199,American Express,Gabrielle Snyder
6011784640315183,10/30,CVC: 285,Discover,Kayla Ortega
180032212995935,11/29,CVC: 965,JCB 15 digit,Michael Dean
3581046338243300,08/34,CVC: 214,JCB 16 digit,Juan Hunter
4112979744675838,01/27,CVC: 732,VISA 16 digit,Connie Thomas
2292723969483593,02/32,CVV: 558,Mastercard,Benjamin Walker
372206507434275,04/28,CID: 4911,American Express,Peggy Dunn
4999114450429562,03/34,CVC: 465,VISA 16 digit,Renee Gibson
3531476838229338,07/34,CVC: 878,JCB 16 digit,Vicki Cantrell
4698050605697,06/30,CVC: 892,VISA 13 digit,Traci Ford
38988867428643,12/28,CVC: 207,Diners Club / Carte Blanche,Jesse Hopkins
4451574911759082,02/26,CVC: 512,VISA 16 digit,Christopher Mccarty
5532764178919335,02/33,CVV: 261,Mastercard,Joanna Smith
6011955261003106,05/26,CVC: 465,Discover,Cody Jones
6526258080873553,05/33,CVC: 097,Discover,Priscilla Villanueva
6552249344054558,08/28,CVC: 221,Discover,Jessica Hunt
5375966140672229,02/30,CVV: 200,Mastercard,Ryan Baker
561516340628,04/31,CVV: 762,Maestro,Ralph Murphy
4267467253242912,03/28,CVC: 932,VISA 16 digit,Patricia Campbell
30209382727080,12/33,CVC: 228,Diners Club / Carte Blanche,Taylor Woods
4684750414496773,05/25,CVC: 461,VISA 16 digit,Antonio Harris
4724821740043480,03/30,CVC: 975,VISA 16 digit,Michael Perry
348389297749044,02/29,CID: 9090,American Express,Ashley Johnson
4487660120202754,11/26,CVC: 774,VISA 16 digit,Adrienne Mendoza
30528200822173,06/33,CVC: 081,Diners Club / Carte Blanche,Jonathan Santiago
4470501934120,11/31,CVC: 972,VISA 13 digit,Kathryn Baker
6593755402970833,12/34,CVC: 486,Discover,Kimberly Edwards
180044590366894,10/25,CVC: 776,JCB 15 digit,Scott Kelley
6538871522231762,06/25,CVC: 935,Discover,Garrett Thompson
6011004681826869,09/26,CVC: 131,Discover,Thomas Smith
349699744013011,01/26,CID: 1524,American Express,Tracy Robles
3506381404742139,08/27,CVC: 078,JCB 16 digit,Alicia Snyder
6523669763710396,05/31,CVC: 004,Discover,Paul Cooper
3519086085811013,10/34,CVC: 100,JCB 16 digit,Andrew James
4428564286275301,01/28,CVC: 812,VISA 16 digit,Stephanie Sanchez
3586989345862965,04/26,CVC: 905,JCB 16 digit,Regina Hubbard
4451970948978085,11/30,CVC: 270,VISA 16 digit,Sarah Burns
4428336793426,05/32,CVC: 254,VISA 13 digit,Jessica Williams
180022177249543,01/26,CVC: 174,JCB 15 digit,Sara Lowe
4720456677730,08/25,CVC: 398,VISA 13 digit,Taylor Pham
4052875664288664040,12/32,CVC: 525,VISA 19 digit,Jessica Torres
2240414200156320,03/32,CVV: 117,Mastercard,John Morrow
3565646917029184,02/34,CVC: 615,JCB 16 digit,Christopher Arellano
4437055480032,07/33,CVC: 054,VISA 13 digit,Martha Gray
2707097754796959,01/26,CVV: 927,Mastercard,Jose Taylor
4597598019385410914,08/29,CVC: 530,VISA 19 digit,Kimberly Kim
4112643566785592,06/28,CVC: 412,VISA 16 digit,William Adams
6574668154394636,09/25,CVC: 197,Discover,Ryan Daniels
675994456589,01/33,CVV: 844,Maestro,Jerry Wells
4891982724815,02/32,CVC: 338,VISA 13 digit,Jose Jackson
2243085704629108,11/31,CVV: 520,Mastercard,William Mccann
3586452915948599,11/33,CVC: 452,JCB 16 digit,Erin Griffith
4710228312134895155,02/33,CVC: 907,VISA 19 digit,Carrie Scott
586753902814,11/29,CVV: 221,Maestro,Kathy White
630495231627,10/34,CVV: 130,Maestro,Mindy Kim
374627306956804,04/29,CID: 2236,American Express,Alex Buck
3574383912876406,10/26,CVC: 743,JCB 16 digit,Faith Mcdonald
30152267678566,04/26,CVC: 176,Diners Club / Carte Blanche,James Sanders
180028543882560,11/32,CVC: 365,JCB 15 digit,Dawn Johnson
30440471918070,12/25,CVC: 011,Diners Club / Carte Blanche,Lisa Stone
4893609403015678597,01/31,CVC: 732,VISA 19 digit,Ray Sellers
30429011383051,04/34,CVC: 185,Diners Club / Carte Blanche,Darren Roberts
3547762208071000,12/31,CVC: 939,JCB 16 digit,Misty Russell
502075539416,02/28,CVV: 421,Maestro,Nicholas Rodriguez
343994380914788,10/33,CID: 2671,American Express,Kristy Wallace
3593877281013829,03/34,CVC: 146,JCB 16 digit,Derek Johnson
4842959609323,02/27,CVC: 388,VISA 13 digit,Shawn Wright
4979070330904881668,01/33,CVC: 506,VISA 19 digit,Lucas Berry
2677910996598916,07/30,CVV: 086,Mastercard,Stephen Owens
375334044052983,04/27,CID: 3958,American Express,Luke Elliott
4999580278296989,01/29,CVC: 030,VISA 16 digit,Keith Jackson
30542850775185,09/27,CVC: 410,Diners Club / Carte Blanche,Daniel Roman
3582446967501151,01/34,CVC: 617,JCB 16 digit,Michael Allen
180097806055461,01/32,CVC: 256,JCB 15 digit,Dawn Morris
587703327169,09/33,CVV: 984,Maestro,Brian Rogers
676213977975,10/31,CVV: 332,Maestro,Philip Ford
213187126414984,04/25,CVC: 725,JCB 15 digit,Gail Campbell
2268585511264155,09/25,CVV: 962,Mastercard,Anthony Lynch
6011303614698837,01/33,CVC: 543,Discover,Madison Rogers
4503754229767503412,04/27,CVC: 147,VISA 19 digit,Barbara Neal
2508118301184118,07/34,CVV: 350,Mastercard,Jacqueline Murphy
4644051851344,09/25,CVC: 681,VISA 13 digit,Charles Berg
6011514882255288,04/33,CVC: 931,Discover,Amanda Hayes
4912942127210,09/28,CVC: 200,VISA 13 digit,Jeffrey Allen
4366433067434152,08/25,CVC: 595,VISA 16 digit,Ryan Frederick
577866989640,03/30,CVV: 322,Maestro,Lawrence Harris
347620540225627,09/34,CID: 8330,American Express,Alison Thomas
4596964039001945,07/30,CVC: 113,VISA 16 digit,Luis Carter
4526056117145218,04/33,CVC: 806,VISA 16 digit,Gregg Johnson
4617475454937,08/32,CVC: 608,VISA 13 digit,Jody Jones
060470165758,05/29,CVV: 942,Maestro,Sean Rogers
4398707822223284438,04/26,CVC: 338,VISA 19 digit,Sarah Avery
4609134326709825,07/25,CVC: 566,VISA 16 digit,Shannon Brooks
3533100345726432,01/29,CVC: 977,JCB 16 digit,Jennifer Bennett
30032238580416,12/33,CVC: 286,Diners Club / Carte Blanche,Teresa Chen
6011837352628142,02/35,CVC: 795,Discover,Melissa Hickman
676285268980,07/33,CVV: 193,Maestro,Andrew Scott
180052259080961,11/33,CVC: 175,JCB 15 digit,Monica Hall
6527602277126276,08/30,CVC: 353,Discover,Brian Johnson
2256945413643746,12/33,CVV: 055,Mastercard,Stephen Rodriguez
4487325474759730,04/32,CVC: 120,VISA 16 digit,Amanda Roberts
3586300665545000,10/32,CVC: 855,JCB 16 digit,Duane Tucker
5380495416373489,12/33,CVV: 157,Mastercard,Kathryn Floyd
347343462241957,06/30,CID: 7392,American Express,Jonathan Taylor
4671709485597,03/32,CVC: 713,VISA 13 digit,Karen Moreno
5372748479160007,03/26,CVV: 003,Mastercard,Kimberly Anderson
38150659789563,12/33,CVC: 729,Diners Club / Carte Blanche,Julie Gibson
4368499906044542,03/32,CVC: 284,VISA 16 digit,Adrienne Anderson
4393563067214008628,09/32,CVC: 792,VISA 19 digit,Dana Miles
4643292274657848,03/31,CVC: 683,VISA 16 digit,Caitlin Goodman
4338972153159,02/32,CVC: 633,VISA 13 digit,Scott Carr
6534431452803322,10/29,CVC: 604,Discover,Sarah Briggs
180007472338265,10/29,CVC: 887,JCB 15 digit,Frank Henry
4909566641044908,04/26,CVC: 381,VISA 16 digit,Anna Smith
2253208316696086,12/30,CVV: 400,Mastercard,Christina Marshall
3538067995205154,07/34,CVC: 693,JCB 16 digit,Heather Perez
3546355359668764,04/31,CVC: 440,JCB 16 digit,Paul Martinez
342025620228670,09/31,CID: 1896,American Express,Jodi Perez
6518351768916057,04/33,CVC: 078,Discover,Ashley Munoz
213121075620424,02/28,CVC: 484,JCB 15 digit,Jason Cook
3578171643644938,02/30,CVC: 342,JCB 16 digit,Gregory King
344801519575134,02/34,CID: 6730,American Express,Rachel Bates
4833755904684943582,08/34,CVC: 457,VISA 19 digit,Mariah Gonzalez
564935008388,01/29,CVV: 154,Maestro,Jocelyn Atkins
3592566183538824,09/32,CVC: 009,JCB 16 digit,James Steele
180020896250818,06/32,CVC: 153,JCB 15 digit,Wayne Stewart
3545550957392756,11/27,CVC: 308,JCB 16 digit,Adam Mcguire
6011401100787088,07/32,CVC: 297,Discover,Richard Alexander
4502909702855,05/32,CVC: 560,VISA 13 digit,Victor Ward
4157084609166448267,06/25,CVC: 309,VISA 19 digit,James Miles
4538172368305223,04/26,CVC: 710,VISA 16 digit,William Allen
4972496047545468,11/25,CVC: 750,VISA 16 digit,Steven Griffin
2226178359785720,06/27,CVV: 613,Mastercard,Chloe Graham
3560210354893696,11/31,CVC: 395,JCB 16 digit,Todd Robinson
30443091207627,09/28,CVC: 521,Diners Club / Carte Blanche,Samuel Carter
6011396607728421,10/26,CVC: 712,Discover,John Morgan
347325156432869,06/25,CID: 1311,American Express,Thomas Edwards
3538588476008643,03/34,CVC: 147,JCB 16 digit,Joshua Fox
502083896295,10/27,CVV: 764,Maestro,Stephanie Reed
6011130559125942,02/32,CVC: 649,Discover,Betty Woods
2398837378236104,05/27,CVV: 728,Mastercard,Dawn Rivera
180074577138230,07/31,CVC: 444,JCB 15 digit,Justin Giles
502073658101,01/31,CVV: 120,Maestro,Patricia Anderson
4630118364958959,06/32,CVC: 098,VISA 16 digit,Robert Garcia
348224373244273,11/32,CID: 4802,American Express,Shannon Zimmerman
180027694535274,12/28,CVC: 365,JCB 15 digit,Jane Thomas
6011405044392905,01/28,CVC: 220,Discover,Jeffery Andrews
4409102185603324,08/25,CVC: 329,VISA 16 digit,Michelle Summers
30348004731342,05/31,CVC: 944,Diners Club / Carte Blanche,Mary Kennedy
4999756465025346,03/29,CVC: 160,VISA 16 digit,Debbie Lindsey
4063272009652379534,09/31,CVC: 916,VISA 19 digit,Lori Hernandez
4060344667656251,05/31,CVC: 295,VISA 16 digit,Jason Dawson
6011965763956396,02/35,CVC: 262,Discover,Corey Lane
213163584966872,02/30,CVC: 773,JCB 15 digit,Whitney Shepard
501845822441,11/31,CVV: 746,Maestro,Cameron Holloway
6011326842127212,12/26,CVC: 690,Discover,John Frank
4700145126083,04/25,CVC: 604,VISA 13 digit,Zachary Chen
4774572060301870,08/32,CVC: 510,VISA 16 digit,Kelly Larson
060454707385,07/26,CVV: 770,Maestro,Brian Henry
4426545758248,08/26,CVC: 324,VISA 13 digit,Jose Hall
375244313650211,12/32,CID: 5948,American Express,Angela Campbell
4270907115740,12/34,CVC: 952,VISA 13 digit,Kathryn Cross
4430369958174813823,09/30,CVC: 032,VISA 19 digit,Joshua Ewing
36297685387110,09/26,CVC: 208,Diners Club / Carte Blanche,Lindsey Farrell
4503788779428,06/30,CVC: 708,VISA 13 digit,Marissa Warner
5405261862007828,08/32,CVV: 517,Mastercard,Omar Walls
2249335581921621,05/27,CVV: 376,Mastercard,Anna Kirby
060411840048,03/28,CVV: 859,Maestro,Alexander Black
180046732112870,12/29,CVC: 227,JCB 15 digit,Alicia Moreno
213130408094793,12/31,CVC: 833,JCB 15 digit,Nancy Wallace
38830127151534,01/30,CVC: 452,Diners Club / Carte Blanche,Brenda Byrd
4477088905260916,09/33,CVC: 556,VISA 16 digit,Megan Moore
377560757854334,05/26,CID: 6852,American Express,Sherry Ramos
376392013753402,12/34,CID: 4562,American Express,Matthew Arnold
4614950355929,07/28,CVC: 377,VISA 13 digit,George Collins
4309286353371,09/27,CVC: 176,VISA 13 digit,Ashley Sellers
4280434509097311,09/32,CVC: 195,VISA 16 digit,Jerome Walker
5154054141771634,02/26,CVV: 290,Mastercard,Sarah Hernandez
371518112606977,04/32,CID: 2868,American Express,Robin Ware
3584572752237046,06/30,CVC: 953,JCB 16 digit,Michael Smith
36664469230123,06/27,CVC: 380,Diners Club / Carte Blanche,April Romero
3530431235844040,05/29,CVC: 919,JCB 16 digit,Brittany Kemp
676379533893,04/26,CVV: 738,Maestro,Scott Benitez
6011259709838813,04/34,CVC: 383,Discover,Ryan Gilbert
4012645381360,07/26,CVC: 919,VISA 13 digit,Sandra Richardson
3570436586901894,08/30,CVC: 668,JCB 16 digit,Matthew Lee
