id,name,sex,address,mail,birth_date
1,Kayla Hanson,F,PSC 3796  Box 9406 APO AP 08733,kennethbarry@gmail.com, 2024-11-10
10,Tanya Fields,F,PSC 6752  Box 8444 APO AP 60872,orrdouglas@hotmail.com, 1919-03-11
100,Anthony Adams,M,646 Megan Row Suite 491 Philipchester  MN 09518,rebecca48@yahoo.com, 1956-06-18
101,Danielle Guerrero,F,909 April Oval Apt. 981 North Christopher  NJ 57845,pramirez@hotmail.com, 1969-06-23
102,Kimberly Thomas,F,59473 Benjamin Radial Thomasfort  MA 83774,kking@hotmail.com, 2025-02-12
105,Taylor Wagner,F,5556 Michael Parkways Suite 187 Murphyport  ND 27476,pittmanrichard@gmail.com, 1956-10-22
106,Ian Chen,M,8656 Briggs Locks Juliefort  ND 64546,lcox@hotmail.com, 1950-04-16
109,Samuel Castillo,M,839 Corey Mountain Apt. 055 Lake Catherine  DC 42878,josemorales@gmail.com, 1936-11-21
11,Patricia Potter,F,1484 Maria Stream Suite 735 Smithberg  AZ 59080,lori56@hotmail.com, 1946-09-14
110,Katherine Kelley,F,41592 Katherine Light South Christina  TX 64993,alexandrawilliams@yahoo.com, 1960-12-01
113,Alyssa Nelson,F,870 Wilson Branch Apt. 186 South Audrey  MS 82143,mary41@hotmail.com, 1943-08-28
114,Lindsay Patel,F,PSC 1644  Box 0585 APO AA 33991,thomas63@gmail.com, 1985-01-27
115,Michelle Schaefer,F,886 Kayla Locks Apt. 567 Jimmymouth  WA 10676,thomasbarbara@gmail.com, 1912-05-05
117,Andre Martinez,M,578 Soto Ridge Suite 532 Port Jeremy  SC 16719,chad38@gmail.com, 1958-07-29
118,Justin Lynch,M,91400 Reynolds Bridge Suite 810 Wilsonmouth  IN 71491,urodriguez@hotmail.com, 1918-07-28
119,Nicole Gay,F,USNS Levy FPO AP 93190,shannonchristine@gmail.com, 2014-05-14
12,John Reynolds,M,8658 Gabriel Port Port Sean  DE 18726,michellemason@hotmail.com, 1993-05-24
120,James Wright,M,3484 David Cliffs Suite 968 West Stevenborough  VA 61222,aaronjohnson@yahoo.com, 1935-02-26
125,Jacob Mcclain,M,7226 Kim Stream Suite 175 New Robinborough  PW 38628,lyonssamantha@gmail.com, 1920-11-20
127,Brian Rios,M,93782 Joshua Extension Apt. 778 Lake Brandon  DC 42558,danielle29@gmail.com, 1958-12-06
128,Richard Stewart,M,3585 Harris Falls Apt. 241 Suzanneborough  RI 11188,qpeck@gmail.com, 1997-07-18
129,Colleen Clark,F,9127 Allen Forge Apt. 214 Port Dianaburgh  VI 67765,pachecoamanda@yahoo.com, 1957-06-02
131,Lisa Baker,F,709 Collins Forges West Maxwell  MT 99515,michellepeterson@yahoo.com, 1953-05-13
133,Jeremy Bentley,M,87356 Samuel Wall Chavezfort  TX 75699,christina00@yahoo.com, 2004-02-01
134,Haley Cruz,F,178 Shawn Mall Wellsmouth  IN 55798,joshua49@hotmail.com, 2010-05-29
135,Patrick Smith,M,Unit 1037 Box 9652 DPO AE 09625,brianwilliams@gmail.com, 1979-06-02
136,Jeffrey Jones,M,346 Heather Drives North Tammychester  AZ 01446,sandersandrea@gmail.com, 1950-07-24
137,Donna Jones,F,226 Joshua Creek Suite 298 South Lynn  ND 17109,joshuaandrews@hotmail.com, 1958-10-15
139,Deborah Harris,F,5023 David Freeway Suite 504 Hodgesville  MT 56813,arthurmiller@gmail.com, 1950-04-19
14,Scott Wilkins,M,6497 Lopez Junction North Davidstad  AL 84397,sjones@hotmail.com, 1966-05-26
140,Juan Spears,M,USNV Jimenez FPO AP 71627,amandacarey@hotmail.com, 1921-10-07
141,Elizabeth Wilcox,F,276 Hodge Isle North Susan  AZ 05962,geraldking@yahoo.com, 1911-10-14
144,Laura Davies,F,506 Margaret Pine Suite 412 Rushchester  WY 34053,camposmary@yahoo.com, 1986-10-23
145,Joshua Gomez,M,5001 Seth Lodge Suite 444 West Wayne  SD 95998,sarahmeyers@gmail.com, 1924-11-18
146,Joseph Rogers,M,4154 Mccormick Street South Nicole  CO 34722,davieschristopher@hotmail.com, 1915-06-15
147,Julie Lucas,F,7634 Reid Square West Sheri  IL 32992,edward51@hotmail.com, 2008-07-23
149,Arthur Thompson,M,0825 William Passage Suite 140 Courtneyport  AS 11537,steven01@gmail.com, 1947-04-09
15,Kelly Brown,F,56718 Jesse Summit Suite 105 Port Kathy  OH 85370,zmurphy@yahoo.com, 1990-12-15
150,Alexander Sandoval,M,8480 Tricia Common Port Tyler  CA 50235,samanthamcintosh@hotmail.com, 1978-03-27
152,Sherry Rogers,F,90158 Theresa Canyon Suite 151 West Amy  PA 67485,dominguezdylan@yahoo.com, 1910-02-12
156,Justin Lawrence,M,58815 Johnson Motorway Suite 825 New Brianport  KS 30870,lisadudley@yahoo.com, 1920-12-04
158,Michael Blair,M,2167 Nelson Green Port Larry  AS 27305,andrew29@hotmail.com, 1943-08-01
159,Karen Sanders,F,29828 Karen Mountain Jessicamouth  KS 97436,stacey11@yahoo.com, 2000-06-03
16,Glenn Serrano,M,7545 Traci Squares Valenzuelaport  DC 66833,dfigueroa@hotmail.com, 1999-02-12
162,Mary Barker,F,540 Joshua Creek Apt. 753 Adamsburgh  MT 84373,wheelerdaniel@gmail.com, 1926-01-29
167,David Winters,M,328 Pittman Route Boydtown  OK 86734,john07@hotmail.com, 1985-07-10
168,Amber Ferguson,F,16349 Mclean Divide Lauraborough  PR 45564,barneserica@yahoo.com, 2003-09-16
169,Frank Brown,M,35634 Jimenez Squares Martinbury  PW 70673,timothy89@yahoo.com, 1930-04-19
171,Christopher Williams,M,61575 Fletcher Keys Davidland  NY 80611,stewartnicolas@gmail.com, 2011-02-23
177,Amanda Turner,F,892 Vaughan Burgs Suite 411 North Carrie  NC 86316,deborahparker@yahoo.com, 1962-07-08
178,Sydney Wise,F,263 Santos Radial North Jessicastad  WA 21796,gobrien@yahoo.com, 2022-11-02
179,Tracy Cook,F,224 Jones Turnpike Suite 490 Roberttown  NC 70937,elizabethmorrison@gmail.com, 1972-02-18
181,Richard Clayton,M,276 Nguyen Gateway Apt. 935 West Keith  HI 11554,christinemoore@gmail.com, 1967-09-17
183,Sarah Reeves,F,28274 Rhodes Rest Grosston  NH 38373,cannonpamela@gmail.com, 2002-07-13
185,Emily Lyons,F,67847 Moran Green Suite 420 Lake Brandonburgh  AR 45731,lunderwood@gmail.com, 1947-01-11
186,Jennifer Jones,F,8016 Taylor Mills Lake Karina  NY 88689,ortizsara@gmail.com, 1974-07-27
187,Amy Freeman,F,72952 Kendra Mission Suite 636 Dixonchester  AR 89489,katherine16@yahoo.com, 1922-01-07
188,Mark Wilson,M,05335 Ali Ports South Miguelfurt  WA 67864,schmidtchristine@hotmail.com, 1995-08-17
19,Lisa Tate,F,037 Martinez Forge Suite 179 Tiffanyhaven  NC 55160,jeremiah29@gmail.com, 2008-01-15
190,Jake Rodriguez,M,481 Young Fork Suite 738 Brooksmouth  MT 29034,brentmartinez@yahoo.com, 1954-11-30
192,Samantha Byrd,F,83967 Jessica Mountain Suite 051 Benjaminbury  LA 29334,silvaamy@gmail.com, 1974-08-15
193,Kimberly Scott,F,1288 Scott Mountain Parkburgh  PR 04691,hernandezxavier@yahoo.com, 1942-08-03
195,Jeffrey Rodriguez,M,Unit 1870 Box 3534 DPO AP 04479,bryce11@hotmail.com, 1971-07-24
196,Theresa Wolf,F,PSC 0163  Box 2708 APO AE 31130,jacobhatfield@hotmail.com, 1999-10-09
197,Reginald Jackson,M,78394 Maria Forest Thomaston  MI 87945,bryce87@yahoo.com, 1930-07-09
198,Daniel Brown,M,00617 Traci Courts Greenborough  ND 79824,allisonorozco@hotmail.com, 2023-09-12
199,Joel Perkins,M,01937 Monica Mews Suite 123 West James  TN 74283,christinemiller@yahoo.com, 1926-07-16
20,Nicholas Miller,M,90614 Tina Cape Lewisville  PR 17601,plopez@gmail.com, 1978-08-09
200,David Johnson,M,PSC 1136  Box 8033 APO AE 04980,clarkrobert@hotmail.com, 1916-08-29
201,Donald Young,M,Unit 3900 Box 8339 DPO AP 08710,sara25@hotmail.com, 1962-09-28
202,Kathy Harrison,F,06003 Kane Alley New Kimberly  AZ 23820,alicia99@gmail.com, 1917-09-15
203,Peter Barry,M,1864 Crawford Estate New Kathleen  NH 83583,hoffmanamanda@gmail.com, 1930-11-08
204,Jennifer Vaughan,F,699 Craig Trail Suite 741 Reyesport  MN 59615,robertmccoy@yahoo.com, 1924-09-04
205,Kathleen Graham,F,92902 Frye Pines Suite 112 Robinsonchester  HI 13865,margaret80@gmail.com, 2019-11-22
206,Marie Chavez,F,393 Bethany Spurs Apt. 899 West Leslie  MH 18342,cjohnson@gmail.com, 1971-11-21
208,Mr. Chad Gonzales,M,066 Heather Fords Lake Megan  OR 84588,jenniferjones@hotmail.com, 1936-01-11
209,Brandon Villegas,M,471 Hoffman Stravenue Suite 940 Alvaradostad  WI 55297,heather70@gmail.com, 2020-05-11
21,Sara Williams,F,87120 Haney Village Meredithside  MD 43789,uchavez@gmail.com, 2001-06-06
210,Jessica Hicks,F,7238 James Alley Suite 796 Shellymouth  MD 85602,shannon64@hotmail.com, 2024-08-17
211,Paul Phillips,M,327 Alfred Shore North Ryanland  IL 20840,jose37@gmail.com, 1960-10-29
213,Ashlee Mccarthy,F,PSC 1144  Box 9308 APO AP 11659,mullencorey@hotmail.com, 1944-01-08
215,Justin Rose,M,6923 Wood Turnpike South Hannahport  MT 63953,qchoi@yahoo.com, 1981-05-10
216,Melissa Coleman,F,0782 Aaron Shoal Apt. 726 Coxborough  NH 22637,abullock@yahoo.com, 1940-01-28
217,Mr. Jacob Howell,M,8281 Wright Junction Williamsland  NV 97545,griffithashley@hotmail.com, 2016-02-12
219,Thomas Smith,M,535 Leon Points Carrieton  OH 21063,eric01@hotmail.com, 1961-03-23
221,Brian Bentley,M,772 Carter Row Suite 914 Anthonyfurt  TX 76225,willieford@hotmail.com, 2013-06-03
224,Martin Harris,M,795 Joseph Highway Apt. 986 Campbellside  IA 68443,rachaelmyers@gmail.com, 1958-02-07
225,Eric Torres,M,77292 Morgan Plains Suite 956 Rebeccaview  UT 11587,danielking@hotmail.com, 1993-10-21
227,April Brown,F,848 Kirk Ferry Suite 265 Carneyfort  WA 96750,ghahn@gmail.com, 1992-01-25
228,Kyle Hall,M,02291 Lee Stream Suite 598 Port Christineshire  MI 73963,barkerchad@yahoo.com, 1938-01-14
229,Joseph Howell,M,2227 Courtney Squares Hallhaven  TN 81748,shannon75@yahoo.com, 1986-10-24
230,Monica Mercer,F,5455 Joshua Springs East Elizabeth  NM 23693,danaholloway@hotmail.com, 1977-01-07
232,Joshua Brown,M,856 Vasquez Forges Mitchellfort  MA 88322,esparzageorge@yahoo.com, 1955-03-23
233,Paula Williams,F,1668 Melissa Flats Suite 346 Gregorytown  AR 38080,aaronwagner@gmail.com, 1941-11-20
234,Kyle Wilson,M,8225 Friedman Via Apt. 852 Port Robertton  NJ 50470,uroberson@gmail.com, 1995-01-13
235,Julie Carlson,F,655 Wade Crest Apt. 465 Garymouth  NV 99792,evan20@gmail.com, 1920-08-18
236,Philip Bryant,M,856 Brennan Knoll Kennethland  CO 02627,nsmith@yahoo.com, 1953-02-09
24,Lisa Thompson,F,276 Scott Junction Port Daniel  FL 72622,vmejia@hotmail.com, 2017-09-05
240,Dr. Daniel Mahoney Jr.,M,Unit 5438 Box 4280 DPO AA 41455,pallen@gmail.com, 1982-08-26
241,Elizabeth Burns,F,6539 Rhonda Key Goldenmouth  NV 72061,sean79@yahoo.com, 2010-11-04
242,Suzanne Patel,F,58275 Robert Corners Apt. 818 Port Brendan  MS 78517,cmiller@yahoo.com, 1944-03-01
245,Angela Flores,F,5139 Samantha Drive West Marymouth  MN 50258,moorewilliam@hotmail.com, 1952-04-26
246,Tracy Stevens DDS,F,180 Ware Trafficway Suite 460 Richardsonfurt  WA 47449,matthewevans@hotmail.com, 1911-01-05
248,Crystal Rivera,F,17749 Dorsey Walk Suite 881 Port Kristenmouth  MO 06425,megangeorge@gmail.com, 1982-05-02
249,Jeremiah Bradford,M,USNV Hicks FPO AA 81705,thompsoncurtis@hotmail.com, 1944-11-20
250,Mary Carr,F,5728 Anderson Rest Apt. 034 Lake Richard  IL 29978,amandajones@gmail.com, 1970-05-24
251,Jeffrey Mora,M,715 Martinez Pine Suite 893 East Jomouth  AK 44803,currysherry@gmail.com, 2019-12-23
254,Lauren Wiley,F,USS Daniels FPO AP 44843,jrios@gmail.com, 1950-11-12
257,Eric Chapman,M,07240 Logan Crossing Farrellfort  ME 71017,heather02@gmail.com, 1918-12-14
259,Jesse Reed,M,879 Walker Drive Suite 843 Timothyfurt  NC 28413,wjackson@gmail.com, 1959-05-23
260,Michelle Page,F,1343 Jamie Alley East Edgartown  PW 43973,fryeangela@yahoo.com, 1986-06-23
261,Valerie Rivera,F,623 Tyler Burgs Loriville  AK 62324,amandaburton@hotmail.com, 2008-12-27
263,Justin Patterson,M,947 Ramirez Camp Suite 161 East Elizabeth  AK 68340,jonathantaylor@yahoo.com, 1994-07-22
264,Andrea Jones,F,3779 Michelle Island Shaneview  NH 17597,hvaldez@gmail.com, 1926-02-02
265,Christine Solomon,F,PSC 2563  Box 8793 APO AE 70050,vickiallen@hotmail.com, 2005-09-21
268,Dr. Dawn Hernandez MD,F,94900 Michael Rapids Davidchester  AK 39279,blake02@gmail.com, 1969-01-19
272,Pamela Lloyd,F,Unit 0915 Box 8179 DPO AA 62332,robert31@yahoo.com, 1970-06-28
273,Kelly Jackson,F,40691 Smith Road East Kristi  KS 14327,tkelley@hotmail.com, 1976-03-21
275,Emily Bryant,F,6035 Brenda Center Suite 420 West Anne  CT 41711,christopher56@yahoo.com, 2010-04-29
276,Heather Roman,F,7366 Vickie Station Apt. 020 New Connieland  IL 36003,eharvey@hotmail.com, 1966-06-30
278,Robert Cohen MD,M,USS Moore FPO AP 40000,robinsonmichael@yahoo.com, 1936-07-28
279,Christopher Anderson,M,98018 Derrick Creek Lake Marytown  DE 39293,mark45@gmail.com, 1924-12-17
28,Tamara Brady,F,43901 Sonya Cliff Meaganburgh  NH 43185,stevenguzman@hotmail.com, 1932-01-31
280,Eric Roberts,M,8301 Leslie Lights Smithmouth  ID 92048,kayla89@gmail.com, 1929-06-22
281,Kellie Davis,F,661 Jason Coves Wagnermouth  AR 65450,kimberly90@gmail.com, 1996-06-12
282,Robert Dunn,M,073 Davis Tunnel Davidmouth  MO 31178,briankey@hotmail.com, 1915-02-11
283,Patricia Calhoun,F,490 Harmon Forest Apt. 129 Port Sarahview  AR 48204,harrellelizabeth@yahoo.com, 1954-08-15
284,Robert Shepherd,M,617 Hannah Route Suite 841 Kathyville  MA 39609,stacie32@yahoo.com, 1930-06-14
285,Lacey Morrison,F,2635 Kelsey View West Grantville  MS 46505,agardner@hotmail.com, 2004-02-19
287,Lisa Mcintosh,F,PSC 7937  Box 6273 APO AE 29983,estesdenise@hotmail.com, 1949-07-23
289,Brenda Castro,F,40203 Morris Mountain Suite 004 South Laura  TX 29942,maybrenda@gmail.com, 1938-09-22
290,Sean Kennedy,M,66357 Alvarado Inlet Suite 428 Elizabethberg  AR 04538,jaderamirez@hotmail.com, 1982-11-14
291,Emily Weaver,F,674 Samantha Row Claytonland  DE 94122,christopher80@gmail.com, 1909-07-20
292,Heather Strickland,F,12113 Robertson Keys Suite 008 Jeffborough  TN 41874,susanadams@gmail.com, 1913-04-17
295,Kelly Hunt,F,PSC 4804  Box 2537 APO AE 68930,mmason@hotmail.com, 1991-10-16
297,Christopher Adams,M,92149 Harris Isle Apt. 685 Mikeland  MN 25643,alyssagonzalez@hotmail.com, 1957-12-29
298,Alexander Hoffman,M,1750 David Bypass Suite 186 North Susanborough  HI 33783,mbarr@hotmail.com, 1994-05-27
299,Jose Stone,M,44040 Cruz Skyway East Laura  LA 97104,jenniferhodges@gmail.com, 1945-11-28
300,Mark Sutton,M,872 Shelly Lakes West Chaseview  VI 44407,uheath@gmail.com, 1999-10-24
303,Lauren Powers,F,31947 Karen Rue Apt. 976 Port Ashley  WV 63055,robertlopez@gmail.com, 1995-04-20
304,Hannah Espinoza,F,27329 Karen Light Bradleyfort  MH 92205,roberto78@gmail.com, 1950-04-20
306,Ryan Castaneda,M,46561 Mary Junction Apt. 859 Williamsberg  MS 88630,danielolson@yahoo.com, 1914-07-27
307,Kyle Hansen,M,Unit 5684 Box 4318 DPO AA 01194,cheryl46@yahoo.com, 1962-03-02
308,Gina Watkins,F,7081 Tyler Freeway Suite 216 Meyerhaven  NH 44666,knewton@yahoo.com, 2003-12-22
309,Grace Gardner,F,32705 James Forest Brianport  RI 41290,bernardchambers@hotmail.com, 2015-09-06
31,Cynthia Ramirez,F,0736 Donald Rest Suite 178 Port Scottview  FM 45056,dominiquele@yahoo.com, 1925-01-13
310,Jennifer Macias,F,92403 Jennifer Plains Suite 998 Port Nathanmouth  NE 66665,cassandra30@hotmail.com, 1979-03-21
313,Debbie Mcclure,F,300 Vaughn Plaza Suite 782 Lake Marieville  RI 27121,wdavis@hotmail.com, 1934-09-17
314,Mark Parker,M,54028 Douglas Square Suite 145 Masonton  MN 43140,navery@yahoo.com, 1948-02-15
316,Margaret Harper,F,1748 Franklin Trafficway Apt. 899 Fisherstad  WI 37712,shannon33@yahoo.com, 2008-12-12
318,Tiffany Kirby,F,6260 Kyle Vista Apt. 228 Lake Kaylachester  MD 02946,gcombs@yahoo.com, 1969-09-18
32,Jeffrey Bradford,M,16341 Horton Points Davidhaven  DE 77249,brittanycoffey@yahoo.com, 1928-02-05
320,Lauren Rojas,F,USNV Morris FPO AP 11287,uharris@hotmail.com, 1964-02-23
321,Mr. Ryan Dalton,M,52666 Karen Turnpike Suite 996 West Kelly  WV 84570,johnbenitez@hotmail.com, 1990-01-07
322,Cindy Arnold,F,USS Christian FPO AP 39098,tammy81@hotmail.com, 1930-04-27
323,Mary Valentine,F,01976 Rodriguez Mill North Russelltown  HI 25448,jesus19@gmail.com, 1974-08-26
324,Nichole Garcia,F,PSC 4440  Box 9507 APO AP 27541,michael09@gmail.com, 1919-08-03
325,Sherry Lee,F,221 Madison Vista Allenton  SC 08029,adavis@gmail.com, 1950-01-17
326,Tiffany Bowman,F,93821 Zamora Drive Suite 624 Lake Lindsaybury  MN 21030,wayneflowers@yahoo.com, 1986-03-28
328,Edward Singleton,M,0128 Key Station Suite 586 New Christinaberg  NJ 23379,jessicahuffman@gmail.com, 2000-10-05
329,Cassandra Young,F,3894 Martinez Square Suite 895 Sierratown  MH 39622,kirkdeborah@gmail.com, 1984-09-20
331,Samantha Sanders,F,5264 Deleon Station Gallegosview  AZ 92925,christinetrujillo@hotmail.com, 1913-07-19
332,Hector Stanley,M,3957 Bailey Harbors Adkinsberg  MO 09614,nmcclain@yahoo.com, 1983-02-23
333,Meredith Madden,F,278 Francisco Stravenue Apt. 361 Edwardstad  CO 70127,jestrada@gmail.com, 1911-05-20
335,Dr. Timothy Miller MD,M,3495 Lee Run Nathanburgh  MT 64219,stephanie29@yahoo.com, 1945-04-11
336,Jonathan Buck,M,1966 Hernandez Gardens Keithburgh  MD 15400,thomasstephanie@yahoo.com, 1977-03-26
337,Ethan Miller,M,5151 Shane Valleys Port Steven  MP 32129,molly97@yahoo.com, 1966-03-14
338,Sherri Peterson,F,33615 Donna Canyon Apt. 061 Devinmouth  TN 82983,tina12@yahoo.com, 1953-02-18
339,Jonathan Flores,M,PSC 3742  Box 5045 APO AP 72956,scottjeremiah@hotmail.com, 1965-09-09
340,Denise Morton,F,915 Martinez Village Apt. 865 Cynthiashire  KS 04608,coxdawn@yahoo.com, 1914-02-22
341,Casey Carr,F,43965 Carney Plaza Apt. 063 West Melissashire  CO 65702,heathermoore@hotmail.com, 1967-01-08
342,Dawn Strong,F,310 Harrison Fall Garyhaven  VT 87047,tyrone86@yahoo.com, 1928-08-20
343,Whitney Rowland,F,3050 Taylor Plain Apt. 812 Raymondview  GU 89505,smithholly@yahoo.com, 2022-02-17
344,John Horton,M,69947 Smith Groves Apt. 908 South Barbaraland  NC 64024,renee83@gmail.com, 1942-09-11
345,Courtney Anderson,F,8431 Brian Ridges West Mary  ND 33083,cantuamanda@yahoo.com, 1963-02-14
346,David Cross,M,43195 Eric Terrace Suite 967 Lake Michaelmouth  TX 44778,smithzachary@gmail.com, 2021-04-15
347,Brandon Tate,M,707 Hodges Mountain Amandafurt  NC 77786,floydian@yahoo.com, 1998-10-31
35,Kathryn Marquez,F,2060 Young Curve Suite 642 Port Leslieborough  MS 78754,kathrynmiddleton@yahoo.com, 2004-05-08
351,Dr. James Gutierrez,M,34869 Roger Alley Apt. 994 Howardview  GU 17687,brian63@hotmail.com, 1953-04-22
352,Jessica Kim,F,03021 Hamilton Crossroad North Martinshire  WV 21448,clarkryan@yahoo.com, 2000-04-12
353,Amy Dennis,F,6501 Harvey Stravenue Apt. 031 East Faithchester  OR 95187,paul69@gmail.com, 1990-02-15
354,Christine Baker,F,PSC 2079  Box 9629 APO AA 30597,xswanson@hotmail.com, 1930-06-13
356,Michael Moreno,M,038 Malone Neck Manningmouth  UT 90313,angelawilliams@yahoo.com, 1991-11-28
357,Margaret Daugherty,F,7181 Williams Cliffs Suite 375 Brookeshire  ME 24257,richard90@gmail.com, 2004-07-11
358,Cheyenne Sanford,F,PSC 2806  Box 7892 APO AP 07969,ronald75@gmail.com, 2019-05-14
36,Brian Guzman,M,264 Barnes Canyon East Brendafort  UT 51868,rebecca88@yahoo.com, 2013-05-10
361,Kelly Jackson,F,98248 Robert Crescent Apt. 270 South Erin  NH 35408,ellen12@gmail.com, 1938-08-01
364,Angela Ramirez,F,232 Nixon Lodge Suite 537 Kimberlyshire  TN 47280,lopezkimberly@gmail.com, 1940-11-21
365,Ebony Smith,F,7154 Dalton Street Port Michaelburgh  WA 16068,baileymueller@hotmail.com, 1957-09-22
367,Lisa Tate,F,106 Patel Views Kingshire  NM 14784,nstephens@gmail.com, 1927-11-04
371,Jeffrey Lewis,M,13365 Choi Mountains Apt. 625 West Adamfort  SC 64304,michelledavis@yahoo.com, 1974-05-28
372,Virginia Bowers,F,818 Erik Underpass East Stephanieside  WI 22555,williamskrystal@hotmail.com, 1921-07-05
375,Matthew Rodriguez,M,94099 Oconnell Centers Suite 166 North Jennifer  ME 67041,darlenewilliams@yahoo.com, 1935-12-14
376,Kristin Stephens,F,USNV Lee FPO AE 45922,matthew77@gmail.com, 2019-12-03
377,Zachary Roman,M,33330 Michelle Trafficway New Frederick  MT 32228,stephanieberry@yahoo.com, 2002-01-19
378,Kelly Le,F,9533 Flores Pass Sharonshire  MP 99837,thomas90@hotmail.com, 2006-03-03
380,Glenn Hurst,M,671 Shane Fields Apt. 806 Paulburgh  UT 19683,jbuchanan@hotmail.com, 1911-10-11
381,Alex Nelson,M,6348 Carol Inlet Apt. 523 Williamsbury  RI 96259,creynolds@hotmail.com, 1965-06-16
382,Pamela Coleman,F,140 Cindy Burg Suite 971 South Sarah  NM 32205,ocurtis@yahoo.com, 1920-06-13
385,Ricky Mckinney,M,8088 Richard Camp North Jennifer  VA 04206,xmatthews@hotmail.com, 1923-03-22
387,Kimberly Jones,F,39761 Peter Curve Port Juan  ME 74644,lowejoanna@hotmail.com, 1966-11-12
388,Cheryl Williams,F,Unit 7621 Box 3101 DPO AA 63526,john70@gmail.com, 2013-04-18
390,Marissa Benitez,F,1368 Sarah Ferry Suite 413 Hubbardland  SC 51794,kellymartinez@hotmail.com, 1918-01-12
392,Amy Krueger,F,537 Jonathan Lock Davidville  AK 16051,amanda04@hotmail.com, 2011-01-17
393,Robin Obrien,F,49637 Joseph Crescent Port Hannah  LA 78375,elizabeth10@yahoo.com, 1940-07-11
394,Kimberly Harris,F,674 Lisa Pike Suite 721 East Tammieville  OH 44418,joanngordon@yahoo.com, 1972-12-23
395,Dr. Lisa Avila DDS,F,17328 Mercedes Canyon Brianfurt  GU 86912,amandaporter@yahoo.com, 1985-02-25
396,Catherine Martinez,F,72709 Beth Rest Apt. 962 North Teresachester  OH 89549,jennifer94@yahoo.com, 1993-05-16
397,Dr. Raven Wagner MD,F,396 Theresa Skyway Watsonstad  PR 43916,brittany74@hotmail.com, 1928-08-14
398,Henry White,M,4913 Helen Park Apt. 180 East Kimberlyborough  AL 60640,trevinobarry@yahoo.com, 1976-07-25
40,John Jones,M,544 James Plain Hillhaven  ME 26585,pclayton@hotmail.com, 2001-03-24
400,Miranda Holder,F,2419 Anderson Fort Apt. 768 East Christian  HI 02594,shannoncalhoun@gmail.com, 1911-11-19
401,Juan Benson,M,PSC 8796  Box 8401 APO AA 17582,melissa67@yahoo.com, 2014-02-04
402,Jennifer Macdonald,F,91171 Chad Divide Apt. 123 Alejandroland  TN 71190,michaelmartinez@gmail.com, 2015-11-09
404,Tommy Brown,M,70241 Caleb Parkway Port Jameshaven  WV 33994,amiller@gmail.com, 1984-06-11
405,Kari Chambers,F,PSC 7667  Box 6130 APO AA 58835,stevenwilliams@yahoo.com, 1926-12-24
406,Robert Adams,M,370 Morris Neck Suite 480 Danielborough  MP 49138,ricetroy@yahoo.com, 2010-03-11
408,Matthew Gordon,M,1599 Amy Fields Suite 761 Nicolebury  VI 99487,brandy37@hotmail.com, 1976-10-13
409,Dorothy Fleming,F,PSC 5166  Box 3609 APO AA 86801,georgejoseph@yahoo.com, 1959-08-13
41,Tracy Sherman,F,872 Joseph Motorway Suite 103 Rileyhaven  DE 24197,susan48@gmail.com, 1941-07-29
412,Molly Bailey,F,67063 Alvarado Spurs Suite 174 Port Christopherfurt  TX 42904,chaddavis@gmail.com, 1951-02-28
415,Katherine Fitzpatrick,F,395 Kristin Trace Suite 824 Maloneshire  OK 21721,vicki57@hotmail.com, 1971-10-24
417,Shelly Crawford,F,31313 Walton Shoal Kimland  WI 30040,ryanpoole@hotmail.com, 1986-02-04
42,Jordan Morales,M,32979 Mark Plains Suite 380 North Matthewfurt  WI 84408,vpierce@yahoo.com, 1915-04-29
420,James Wells,M,4330 Brown Radial Suite 610 West Denisehaven  CT 25952,aphelps@hotmail.com, 2024-05-29
421,Shannon Brown,F,8887 Ramirez Forges Michaelville  CT 51402,bakerjacqueline@yahoo.com, 1956-11-05
422,Jill Green,F,057 Melissa Springs East Adam  VI 63443,thomasross@hotmail.com, 1973-10-16
423,Paul Robbins,M,407 Barnes Inlet Suite 556 Morganborough  NH 55549,carolynsmith@hotmail.com, 1954-10-08
424,Melissa Lopez MD,F,866 Sexton Glen Suite 411 West Melissaton  OK 48283,kimberlygrimes@gmail.com, 1967-10-01
425,Kimberly Molina,F,9581 Davis Extensions Apt. 996 East Loriberg  MP 05155,lopezkenneth@yahoo.com, 1970-01-09
426,Jacqueline Smith,F,436 Evan Road Suite 620 West Julie  IA 63366,natasha81@yahoo.com, 2002-10-10
428,Chelsea Petty,F,7380 Lawson Avenue North Billyton  AR 52406,william80@hotmail.com, 1933-03-25
429,Raymond Allen,M,49497 Trevino Ranch West Jasmineton  CT 76233,alejandra98@yahoo.com, 2011-11-16
431,Scott Monroe,M,206 Fox Divide South Alex  CO 89319,joseph30@hotmail.com, 1992-02-19
437,Stephanie Kidd,F,8427 Laura Expressway West Johnnyland  KS 82041,brittanyparsons@gmail.com, 2024-10-27
438,Shannon Villarreal,F,07096 Bailey Mills Suite 252 Lake Brittneyview  LA 46802,snyderstephen@gmail.com, 2015-03-02
439,Michael Melton,M,6338 Jill Garden North Sherry  FL 14949,dustin02@yahoo.com, 1970-03-03
44,Oscar King,M,479 Wheeler Villages North Jenniferport  KY 48141,fleminggavin@hotmail.com, 1945-10-05
440,Jacob Lopez,M,USS Mcgrath FPO AA 15098,linda49@gmail.com, 1918-05-05
443,Angela Wilson,F,PSC 3626  Box 2580 APO AP 05309,vlopez@yahoo.com, 2003-08-26
444,David Brown,M,922 Stevens Mall Suite 253 West Hayden  RI 10011,marie32@yahoo.com, 1963-08-25
445,Alan Green,M,48217 Smith Green Apt. 488 New Dawn  MD 45001,johnsonjason@hotmail.com, 2021-06-12
446,Allison Williams,F,134 Burton Oval West Anthonybury  FM 92597,calvin26@hotmail.com, 2012-10-15
447,Christopher Thompson,M,52223 Travis Burg Apt. 567 East Wendyton  AR 39371,imoses@gmail.com, 2004-03-01
450,Susan Wright,F,Unit 7421 Box 3300 DPO AA 73043,vcruz@hotmail.com, 1975-11-13
452,Carol Cox,F,259 Arnold Light West Luke  MT 23750,lrodriguez@gmail.com, 2001-07-19
453,Christina Richard,F,527 Jacob Creek Suite 724 Karenland  GA 14704,rglover@gmail.com, 1963-07-10
454,Andrea Mckinney,F,21117 Michael Bridge Apt. 656 Ronaldland  VI 60770,mccoyfrancis@hotmail.com, 1918-05-11
455,Phyllis Kim,F,801 Tina Junctions Suite 109 South Markbury  AK 18602,mathew11@gmail.com, 1956-10-02
456,Tyler Bennett,M,USNV Gallagher FPO AA 03672,martingardner@gmail.com, 1979-08-14
459,Kim Reyes,F,594 Thompson Rapids Apt. 425 Daviston  DC 24469,jenniferanderson@hotmail.com, 1933-07-07
461,Natalie Rogers,F,3839 Dustin Pass Suite 640 South Shawn  KS 94439,taragonzalez@yahoo.com, 1912-04-12
463,Krystal Downs,F,859 Mary Mills Apt. 271 Erikberg  MH 95435,burgesslisa@gmail.com, 1969-12-04
464,Joshua Perry,M,193 Hayes Shore Port Brentborough  TX 99843,rebeccamiller@hotmail.com, 1958-11-23
465,Natalie Fox,F,533 Williams Groves Suite 052 North Valerie  TN 78483,amanda41@gmail.com, 1967-01-07
467,Deborah Myers,F,0617 Morris Junctions Gordonfurt  AL 47031,joshua25@yahoo.com, 1914-06-30
468,Jennifer Osborne,F,571 Brandon Flats Suite 146 Port Janice  MA 34528,kevinmann@hotmail.com, 1911-07-02
469,Summer Collins,F,34068 Raymond Ridge Suite 515 West Amandaburgh  GA 45663,jennifer82@hotmail.com, 1935-05-06
470,Darryl Nixon,M,50859 Johnson River Apt. 478 Grayshire  OH 78347,uvaughan@yahoo.com, 1967-03-26
472,Morgan Valdez,F,52605 Garcia Neck West Markland  AS 74077,perryjody@gmail.com, 1936-01-23
473,Susan Hayes,F,43267 Peggy Plain North Olivia  VI 94716,richard90@yahoo.com, 1931-01-04
475,Nicholas Lee,M,2628 Kevin Common Steinmouth  AR 03398,ethan85@gmail.com, 1955-08-28
476,William Ellison,M,0558 Keith Well Apt. 487 East Michael  WI 62012,sarah59@yahoo.com, 1993-03-12
477,Dorothy Marks,F,31734 Lynn View Suite 224 Lake Brittanymouth  NC 94929,nware@gmail.com, 1933-05-27
478,Sandra Robinson,F,0445 Lyons Drive Josephtown  UT 53345,shieldsstacy@hotmail.com, 1933-10-24
480,Chelsea Stewart,F,14528 John Fort Apt. 746 Port Terrihaven  GA 64914,gail74@yahoo.com, 1992-12-30
481,David Anderson,M,940 Heather Estates New Judith  PW 42901,willieross@yahoo.com, 2022-03-04
483,John Scott,M,0560 Horton Pines New Matthew  TX 78394,hogandavid@gmail.com, 1960-12-25
486,Mr. Walter Charles,M,16833 Mcclain Stream Suite 904 Hicksshire  LA 29596,ana34@yahoo.com, 1966-02-08
487,Amanda Garcia,F,004 Nash Street Crystalton  OR 47312,lrobinson@yahoo.com, 2010-07-22
488,Glenda Edwards,F,USS Silva FPO AA 83495,tbaker@hotmail.com, 1928-03-06
489,Jimmy Norman,M,019 Ryan Underpass Apt. 517 West Christina  NM 69600,shane39@yahoo.com, 1922-10-21
49,Andrea Patton,F,2842 Briana Crest Apt. 576 Gabrielborough  WV 58241,erinwatts@yahoo.com, 2024-09-13
494,Joseph Clark,M,4693 Long Corners Apt. 055 East Mikeview  UT 95815,wgreen@gmail.com, 1983-10-02
495,Curtis Cervantes,M,589 Cummings Stravenue Apt. 985 Grayburgh  HI 66465,douglasramirez@gmail.com, 2001-10-22
496,Andrew Baker,M,24240 Alan Estate New Michaelfurt  AK 30834,gregorycaldwell@gmail.com, 1989-12-19
497,Jocelyn Marquez,F,PSC 2379  Box 5339 APO AP 14334,jhernandez@hotmail.com, 2025-02-26
499,Peter Obrien,M,63584 Reyes Pines Snyderfort  NH 96437,aaronbrown@hotmail.com, 1915-01-16
5,Stacey Carter,F,4572 Kimberly Circle Apt. 018 Stevensonstad  CA 02171,browntracy@hotmail.com, 1951-03-17
50,Michael Byrd,M,70907 Pamela Club Suite 749 Davidview  AR 03479,jamie03@yahoo.com, 1975-09-05
500,Marcus Todd,M,05261 Martinez Cape Weaverburgh  WY 91281,daniel19@gmail.com, 2020-01-01
502,Joseph Ward,M,321 Sharon Crossroad Suite 722 Keithhaven  FM 08984,oharris@gmail.com, 2021-11-01
503,Frederick Snow,M,075 Hunter Isle Suite 331 South William  GA 48724,brittany85@yahoo.com, 1937-08-04
504,Danielle Ramos,F,2280 Clark Hills Monicashire  WV 05453,wallen@yahoo.com, 1920-08-16
505,Dalton Ryan,M,37048 Christine Islands South April  NY 55246,rmorales@yahoo.com, 1975-04-16
506,Laura Smith,F,833 Micheal Lodge North Maryberg  NE 34852,sharon38@gmail.com, 2024-01-16
51,Phillip Castro,M,84610 Smith Plaza Curtistown  ID 87146,moorestephanie@yahoo.com, 1914-03-17
510,Kimberly Bates,F,5556 Sarah Summit North Henry  AS 38752,swheeler@yahoo.com, 2021-11-27
511,Scott Perry,M,29171 Richard Keys Apt. 524 South Jordanfurt  PA 89508,charlesroberts@gmail.com, 1973-11-15
513,John Davis,M,28018 Walters Fords Suite 161 Castroport  CT 37628,krichard@hotmail.com, 2001-01-01
514,Amanda Stevenson,F,Unit 8575 Box 8103 DPO AA 80011,kjarvis@yahoo.com, 2011-06-03
515,David Hammond,M,7388 Willis Hill East Patrick  AS 21485,anthony58@yahoo.com, 1991-08-29
516,Gregory Young,M,7528 Anna Stravenue Lake Briantown  VA 64652,linda21@gmail.com, 1933-02-24
517,Tiffany Roach,F,84948 Samuel Orchard Port Kristibury  PW 53603,briangutierrez@gmail.com, 1956-12-04
518,Julie Davis,F,6509 Bridget Manor Lauraville  WA 56835,cassandra93@hotmail.com, 2018-09-30
52,Valerie Ortiz,F,311 Christine Forges North Danielberg  MI 87204,cohensarah@gmail.com, 1929-10-30
520,Brandon Cunningham,M,5672 Miranda Drive Apt. 514 Stricklandport  NJ 21232,cynthiabarry@gmail.com, 1986-06-10
521,John Nguyen,M,04049 James Villages Suite 766 Joelfurt  MD 16883,bradfordjoseph@hotmail.com, 1935-05-08
522,Kimberly Little,F,2572 Edward Pine Carsonburgh  NJ 19933,hmcdonald@yahoo.com, 1909-06-18
523,Charles Thomas,M,92099 Carroll Viaduct Apt. 337 Danafort  PR 19860,lisanguyen@yahoo.com, 2017-03-03
525,David Beck,M,1815 David Stravenue Lake Jessicaside  RI 89796,misty36@yahoo.com, 1986-01-10
526,Katherine Rivers,F,5613 Pedro Stravenue Suite 802 Kellyhaven  VT 03835,ysantos@gmail.com, 1978-05-09
527,Daniel Robles,M,9939 Sanchez Corners Elizabethmouth  VT 14254,nancy10@hotmail.com, 1959-11-11
528,Rachel Brooks,F,840 Bartlett Island Apt. 780 Garciaberg  NV 76061,wmurray@hotmail.com, 1914-05-02
529,Nicole Smith,F,5581 Corey Rapid New John  CO 39285,williamcastillo@yahoo.com, 1954-11-23
530,Christopher Gibson,M,USS Weber FPO AP 21240,jessica82@yahoo.com, 1971-01-23
531,Kathy Henderson,F,9066 Morgan Forks Apt. 191 Wagnerport  DC 73032,ghines@gmail.com, 1910-12-14
533,Leslie Woods,F,877 Duran Forest Jacksonport  CA 39068,heather26@gmail.com, 1918-01-12
534,Jack Miller,M,1443 Baker Views Suite 816 Summermouth  PA 76821,bishopvalerie@hotmail.com, 1970-02-20
535,Michael Henry,M,9694 Murphy Ville Suite 379 Port John  AS 57566,lopezcarol@hotmail.com, 1996-02-28
536,Johnny Smith,M,USCGC Baldwin FPO AP 12773,ggonzalez@gmail.com, 1940-01-28
538,Victoria Johnson,F,68273 Smith River Carlshire  TN 18790,lyonsmichael@gmail.com, 1927-12-30
54,Jennifer Morgan,F,9173 Amanda Rest Suite 647 West Danatown  PW 18076,harrisadam@gmail.com, 1941-05-14
542,Angelica Holt,F,7717 Charles Plaza Apt. 744 Randyport  NV 57978,myersalexandra@yahoo.com, 1993-11-13
543,Ryan Anderson,M,796 Glenda Mills Haasburgh  TN 75612,gregory98@yahoo.com, 1956-11-27
544,Joseph Coleman,M,061 Carter Groves Suite 768 East Annetteberg  VA 16798,webbcameron@gmail.com, 1916-11-30
545,Scott Bush,M,09231 Robert Pines Russellstad  PW 57231,laurieconner@gmail.com, 1912-12-01
547,Dave Robinson,M,01646 Jones Via Apt. 940 East Adam  NC 29478,bridgesmichael@yahoo.com, 2021-08-09
549,Diana Reyes,F,586 Andrea Parkway Suite 664 Meltonhaven  FM 81651,danielyang@yahoo.com, 1941-09-03
55,Michelle Archer,F,417 Miller Station Apt. 862 Evelynside  FM 51606,bailey86@yahoo.com, 2002-10-23
550,Adam Thomas,M,721 Coffey Ford New Bethany  MO 16344,vmorales@hotmail.com, 2001-01-07
552,Timothy West,M,PSC 8372  Box 4089 APO AP 96221,susan45@hotmail.com, 1962-02-01
554,Charles Heath,M,98067 Butler Station Brandonton  CO 82103,taylormichael@hotmail.com, 1954-12-19
555,Charles Brown,M,872 Andrade Shores Suite 948 Sophiafort  MD 70993,jordanbrandon@hotmail.com, 1950-07-11
557,Paul Patel,M,93810 Cole Orchard Suite 570 East Carolshire  NE 41982,sarahtorres@hotmail.com, 2022-05-22
558,Robert Walker,M,643 Brooks Island Apt. 015 Millerbury  PA 04378,alexanderangela@yahoo.com, 1919-03-10
559,William Cruz,M,Unit 2753 Box 8160 DPO AA 97516,davisjessica@hotmail.com, 2009-02-18
562,Andrea Leonard,F,6582 Craig Spurs Johnsonberg  AZ 52639,mcox@yahoo.com, 1931-04-18
563,Austin Mora,M,01639 Kaufman Square North April  OH 63404,brian08@hotmail.com, 1968-11-17
564,Robert Gregory,M,0127 Ferguson Ways Michellestad  WA 68797,brittney88@hotmail.com, 1949-03-31
568,Kristin Chandler,F,26237 Juan Plain Apt. 226 East Christineport  MI 44692,jason78@yahoo.com, 1977-04-16
569,Brandi Payne,F,Unit 5034 Box 8685 DPO AP 88573,pearsonriley@gmail.com, 1939-04-10
57,Sarah Bowman,F,686 Dorsey Way North Diane  UT 40980,gmiles@gmail.com, 1984-04-30
570,Casey Smith,M,247 Garcia Ferry Suite 197 Brockview  KY 31909,xgarcia@yahoo.com, 1964-06-29
571,Paul Garner,M,60338 Jill Fords Suite 946 West Rodneyport  WY 20821,grossariana@yahoo.com, 1947-12-09
572,Henry Roberts,M,PSC 0228  Box 5313 APO AA 33496,qlarson@gmail.com, 1968-07-17
573,Nicholas Larsen,M,59637 Mendoza Villages Apt. 845 South Staceymouth  KS 02809,anthonystafford@yahoo.com, 1932-12-16
574,Christina Zavala,F,766 Jesse Underpass Apt. 030 East John  VI 47104,ruben89@hotmail.com, 2017-02-08
575,David Walton,M,23087 Mercado Prairie North Gabrielton  WV 25410,coxnancy@gmail.com, 1917-08-09
576,Felicia Mccann,F,PSC 0730  Box 4497 APO AE 23368,johnwarren@gmail.com, 1951-04-04
577,Amber Harper,F,914 Campbell Plaza Apt. 536 Santiagostad  IN 00620,vancebradley@yahoo.com, 1928-10-04
58,Jamie Cook,F,PSC 4152  Box 2193 APO AA 63328,ellisonmelissa@hotmail.com, 2014-01-10
580,Jacob Kirk,M,51044 Crystal Road Suite 355 Bishopburgh  DE 43765,ruben29@yahoo.com, 2016-07-02
581,Daniel Schultz,M,120 Gonzalez Mountains West Bethanyland  NC 97484,ccastillo@yahoo.com, 2024-03-20
582,Ronald Barker,M,PSC 6196  Box 1488 APO AA 66608,zfuller@hotmail.com, 1913-07-11
583,Calvin Green,M,581 Thomas Pine West Brett  SC 09558,john19@gmail.com, 1919-05-03
584,Bryan Jordan,M,46992 Jones Well Apt. 118 Kathrynstad  AK 29788,laurawang@yahoo.com, 1951-08-30
585,Jason Ross,M,6414 Megan Squares Davisville  AK 93979,navarrodwayne@hotmail.com, 1926-11-26
586,Karl Mcconnell,M,22314 Porter Plains Suite 624 Lake Nathanview  GA 67822,gthornton@yahoo.com, 1924-07-16
589,Alice Ray,F,316 Christopher Green Briannahaven  OK 47680,claudia14@hotmail.com, 1974-01-13
59,Susan Barrera,F,20783 William Dale Warrenberg  FL 16808,osims@yahoo.com, 2020-03-27
590,Melissa Stevens,F,588 Tina Coves Apt. 894 Port Claudia  LA 23675,hahncory@hotmail.com, 1981-10-15
591,Seth Cortez,M,99583 Franco Spurs South Jamesfort  VI 07773,huangheather@yahoo.com, 1917-04-14
592,Robert Marks,M,8309 Rachel Estate Apt. 550 West David  NY 47106,jasonwoods@hotmail.com, 1923-02-09
593,Brian Williams,M,704 Russell Crossroad Friedmanton  MT 08527,amandavelez@gmail.com, 1938-03-26
595,Christina Brown,F,6716 Morgan Ferry East Michael  NC 04464,matthew49@gmail.com, 2011-11-08
596,Kenneth Zimmerman,M,52149 Sarah Corners Suite 413 North Kaylafort  NY 58947,lewiskayla@gmail.com, 1946-12-17
597,Anthony Coleman,M,118 Caitlin Mountains Suite 851 West Darryl  DE 81135,robert62@hotmail.com, 1996-03-30
598,Juan Bell,M,168 Davies Plaza Apt. 870 Robinsonstad  IA 73600,nwilson@gmail.com, 1960-08-02
599,Andrew Gibson,M,7847 Russell Forks Apt. 254 North Louisborough  AR 53247,krista10@gmail.com, 1925-02-27
60,Luis Fowler,M,780 Mackenzie Valley Suite 608 Morrisonport  DC 34621,robert95@hotmail.com, 1949-01-09
601,Richard Davis,M,9299 Amanda Fort Apt. 598 Coltonport  MT 47446,imitchell@hotmail.com, 1976-06-22
603,Teresa Williams,F,552 Collins Ramp Suite 079 Joshualand  PA 78552,beckerin@hotmail.com, 1989-03-09
604,Nicholas Morrow,M,151 Hubbard Brook Apt. 013 East Christopher  WA 54365,brooke19@gmail.com, 1934-01-02
607,James King,M,Unit 6769 Box 1767 DPO AP 70828,heather80@yahoo.com, 1954-01-17
608,Joanna Reed,F,0574 Christopher Islands Suite 231 Gomezchester  WY 88987,phammichael@gmail.com, 1926-12-22
61,Rhonda Duncan,F,517 Foster Via Suite 715 Greenview  MI 48569,vgraham@yahoo.com, 2000-11-09
610,Matthew Jones,M,5357 Joseph Summit Suite 106 Peterston  NE 86821,olewis@yahoo.com, 1917-01-23
612,Jodi Cain,F,035 Jackson Landing Suite 719 Larrymouth  IL 36164,fdouglas@yahoo.com, 2016-01-20
614,Joseph Orr,M,807 Adams Plaza Cynthiaview  KY 14521,rschaefer@yahoo.com, 1938-09-10
615,Cassandra Larsen,F,3423 Linda Fall Apt. 561 West Tamara  MH 98853,gsandoval@gmail.com, 1933-08-16
616,Randy Duncan,M,4426 Jessica Fields Martinezstad  AZ 57493,jonesdanielle@yahoo.com, 1982-06-10
617,Alan Turner,M,572 Tonya Way Apt. 556 Benjaminfort  DE 02743,gglover@hotmail.com, 1982-08-05
618,Jeremy Richardson,M,81080 Jessica Land Apt. 409 North Sandra  CT 94795,jrobles@gmail.com, 1935-03-23
620,Joseph Mccarthy,M,Unit 8520 Box 2601 DPO AA 53579,andersenchristopher@gmail.com, 2023-08-17
621,Sarah Nelson MD,F,4495 Samantha Land Scottburgh  GU 66269,ramirezdylan@yahoo.com, 2005-06-18
622,Kimberly Holder,F,99933 Albert Run Suite 489 South Curtis  KS 96043,lynnbradley@hotmail.com, 1918-10-13
623,Dana Walls,F,23497 Danny Hills Suite 451 Jenniferborough  AR 91978,christopher27@hotmail.com, 1977-10-26
624,Jonathan Pena,M,PSC 5201  Box 7644 APO AP 37522,ericrobinson@gmail.com, 1944-01-31
625,Susan Rose,F,PSC 3268  Box 9624 APO AP 44609,hcarey@hotmail.com, 1919-10-23
626,Stephanie Sanchez,F,0615 Hood Corner Suite 134 East Alyssa  DE 54032,juanknox@gmail.com, 1939-04-13
629,Jacob Davies,M,944 Davis Drive Doughertyfurt  AR 46051,matthew63@hotmail.com, 1929-02-27
63,Michael Reynolds,M,968 Joel Corner Apt. 712 Tuckertown  NH 98288,terrellamanda@hotmail.com, 1925-12-29
631,Aaron Fernandez,M,0558 Schwartz Vista Suite 309 New Markchester  MI 77928,ashley48@yahoo.com, 1932-10-03
632,Melissa Clark,F,54117 Moss Grove Apt. 512 Johnstonport  OH 52412,nancyjennings@gmail.com, 1989-08-12
633,Victor Ellis,M,92823 Sarah Track Suite 127 East Samantha  GA 54064,james26@hotmail.com, 1949-12-21
635,Timothy Parker,M,716 Mitchell Passage Suite 077 West Terri  WI 49988,youngkristen@yahoo.com, 1996-09-25
636,Karen Roberts,F,5844 Jay Rest Apt. 905 East Kathleen  ND 45177,rruiz@hotmail.com, 1951-02-08
638,Jocelyn Rosales,F,92738 Gomez Run North Allisontown  NH 09526,knightlindsey@hotmail.com, 1980-03-31
639,Reginald Cox,M,535 Taylor Brooks Suite 817 Rogersburgh  WA 50816,sharon17@yahoo.com, 2010-01-11
64,Troy Lowe,M,40105 Conner Circle Matthewshire  FL 57328,sarah75@hotmail.com, 1919-02-02
640,Kenneth Williams,M,28913 Fisher Curve Suite 387 West Ashleyfurt  WA 50532,donna99@hotmail.com, 1983-09-18
641,Jill Moon,F,USNS Williams FPO AE 69050,kellytommy@yahoo.com, 1961-10-31
642,Katherine Riley,F,581 Wilkinson Courts Apt. 032 Katiestad  MO 35852,fitzgeraldbenjamin@yahoo.com, 2010-04-07
644,Jessica Jacobs,F,9507 Dennis Trace Edwardmouth  AS 13373,donna75@hotmail.com, 2022-10-18
645,Gary Hamilton,M,414 Richardson Estates Bullockshire  OR 05396,terriparker@hotmail.com, 1929-08-06
646,Jeffrey Herrera MD,M,Unit 7924 Box 7776 DPO AP 98608,wrios@gmail.com, 1925-12-01
647,William Reed,M,39104 Harrington Brook Victorchester  MA 27117,rodriguezsteven@hotmail.com, 1954-03-24
648,Kenneth Rodriguez,M,PSC 3532  Box 7758 APO AP 28856,amanda89@gmail.com, 2001-05-25
649,Jessica Mitchell,F,9789 Joseph Radial Leeberg  MN 31467,jose27@yahoo.com, 1927-06-03
65,Joshua Delacruz,M,79139 Matthew Canyon Leefurt  VA 40678,stephanie17@gmail.com, 1936-02-06
653,Elizabeth Brown,F,428 Grant Coves South Joshua  WV 68996,btaylor@yahoo.com, 2014-12-11
655,Christopher Sanders,M,2482 Evans Crossroad Suite 049 Marshallhaven  GU 28663,fgomez@gmail.com, 1962-10-16
656,James Davis,M,37104 David Manors Whitestad  NY 27158,jennifer26@gmail.com, 2002-11-25
659,Mark Osborn,M,362 Rebecca Fall South Rebeccaton  ND 83686,melaniemclaughlin@yahoo.com, 2006-07-06
660,Joel Hammond,M,925 Timothy Well Suite 136 West Emilychester  NE 36083,cchandler@gmail.com, 1973-02-23
661,Brittany Lee,F,59483 Fleming Extension Suite 420 Dixonville  SD 32123,sspence@yahoo.com, 2012-03-15
662,Alexander Walker,M,2198 Galvan Crescent Brandytown  CO 73697,vmueller@hotmail.com, 1977-01-22
664,James Thompson,M,55816 Jocelyn Well Suite 704 South Haroldside  MP 77841,ojohnson@gmail.com, 1988-08-05
665,Elizabeth Monroe,F,46108 Kenneth Vista Suite 475 Juliemouth  AL 10815,gguerrero@yahoo.com, 1937-05-13
667,Elizabeth Shaw,F,59830 Edwards Plaza Kendraview  AZ 23197,fheath@yahoo.com, 1930-05-25
671,Melinda Olsen,F,696 Taylor Mountain East Benjaminmouth  WV 38589,morrispaula@yahoo.com, 2006-03-08
672,Bonnie Schneider,F,790 Logan Crescent Suite 777 Hernandezville  NV 09340,paulangelica@gmail.com, 1920-04-25
675,Kevin Torres,M,USS Frank FPO AP 09324,jason51@gmail.com, 1984-08-09
676,Don Mitchell,M,81384 Danny Rapids Suite 792 Williamburgh  NY 43008,afigueroa@hotmail.com, 1925-11-22
680,Julie Flowers,F,80546 Davis Wells New Jeffery  CT 73524,jerrymichael@yahoo.com, 1950-08-02
681,Dawn Melton,F,17135 Fleming Ridges Shannonstad  RI 92771,peterwebb@gmail.com, 1968-01-19
683,Amy Herrera DDS,F,981 Peterson Wall Apt. 050 Port Whitney  LA 79544,jennifer07@gmail.com, 1939-06-16
684,Linda Cruz,F,Unit 3825 Box 7099 DPO AE 35448,yvonne66@hotmail.com, 1993-05-06
685,Cheryl Stephenson,F,70797 Prince Island South Matthewview  MA 23421,ureid@yahoo.com, 1930-03-24
686,Robert Fernandez,M,2479 Lloyd Path Floresside  CT 73318,karlagraham@hotmail.com, 2024-08-18
688,Christopher Roberts,M,787 Whitaker Green Suite 480 South Molly  AR 31990,brownthomas@gmail.com, 1982-05-25
69,Tina Davis,F,927 David Drive Suite 100 Lake Dakotamouth  WI 35479,eperry@yahoo.com, 1938-05-16
691,Robert Acosta,M,596 Watson Land East Carlosbury  VA 61946,caldwelldouglas@hotmail.com, 1955-05-14
693,Diana Duran,F,57766 Parker Row South Josebury  AK 67382,rebekahsmith@hotmail.com, 1987-07-26
695,Ryan Matthews,M,850 Li Drive Tanyashire  MS 36362,kaufmanapril@gmail.com, 1945-10-19
696,Willie Whitaker,M,Unit 9169 Box 5749 DPO AA 77066,nicholas05@yahoo.com, 1975-01-18
697,Laura Shaw,F,015 Steven Plains Port Jon  HI 33995,orodriguez@hotmail.com, 1993-09-04
699,Joseph Vega,M,1393 Martinez Walk Apt. 859 New Jonport  ID 27452,hoangela@yahoo.com, 1910-03-10
70,Janet Lane,F,9052 Emily Drive Apt. 770 Thomasland  MN 16728,swebb@hotmail.com, 2017-04-05
701,Paula Gregory,F,52363 Brown Station Apt. 202 Lake Elizabethmouth  WV 31336,christopherholt@yahoo.com, 1972-05-14
703,Michael Warner,M,3415 Rodriguez Rapid Lake Ericside  AS 56808,rogerwood@gmail.com, 1972-08-09
704,Anne Yoder,F,6009 Crystal Orchard South Jasmine  NC 93316,zmedina@yahoo.com, 1927-02-06
706,Miranda Smith,F,343 Nguyen Neck North Traceystad  KS 21237,acunningham@gmail.com, 2002-12-04
707,Leslie Bush,F,21360 Martha Passage Apt. 399 Adrianside  NY 64644,petersjessica@hotmail.com, 1946-03-07
709,Barbara Romero,F,089 Schneider Plaza Suite 310 Vanessastad  PA 72128,kaylaherman@gmail.com, 1992-03-07
71,Jermaine Miller,M,585 Rivera View Port Frank  PR 63303,kriley@gmail.com, 1996-01-23
710,Dr. Jeffrey Smith,M,694 William Pike Apt. 190 Hoodland  FM 63583,dscott@hotmail.com, 1910-10-01
712,Ashley Green,F,154 Mary Junctions Suite 221 Thomasview  NE 54903,perezheidi@hotmail.com, 1915-07-23
714,Christopher Jones,M,1023 Stafford Island West Elizabethmouth  MH 16845,coxerica@yahoo.com, 2006-05-12
715,Elizabeth Garcia,F,8068 Little Burgs Suite 197 Robertfurt  VI 99091,michael16@gmail.com, 2013-10-11
718,Keith Clark,M,897 Connie Expressway West Andrew  AK 81477,rodney60@hotmail.com, 1955-05-28
719,Kayla Smith,F,960 Randall Overpass North Tammyberg  MD 99931,tinawhite@yahoo.com, 1990-05-31
720,Joshua Davis,M,7152 Brandi Place Suite 781 Brandonmouth  MP 56630,xnguyen@yahoo.com, 1977-05-17
723,Mike Dawson,M,03403 Curtis Falls Apt. 490 West Natasha  UT 22911,bethwright@gmail.com, 1910-01-18
724,Tiffany Harvey,F,70240 Hall Shores Tuckerview  NV 23060,randygordon@yahoo.com, 1924-11-29
725,Erin Williams,F,399 Jonathan Trail South Amber  LA 98394,amandabennett@hotmail.com, 1980-04-18
727,Patricia Stevenson,F,86343 Jeffrey Mountain Apt. 955 North Kerrybury  ND 61025,hollowaydavid@hotmail.com, 1942-11-07
728,Michael Rose,M,21310 Edwards Drive Barryton  ME 25415,ghoward@yahoo.com, 1985-02-01
729,Michael Russell,M,686 Ford Isle Port Michael  WV 65667,mrobinson@yahoo.com, 1918-03-07
730,Joshua Harrison,M,55990 Perez Club Lake Derek  MI 29684,david71@hotmail.com, 1998-08-30
731,Jesus Romero,M,72762 Wolfe Lake Gayland  FM 38419,lisaroberts@gmail.com, 1968-01-21
732,Christopher Hernandez,M,68161 Jones Mill Dylanhaven  NY 73389,landrypatrick@hotmail.com, 1921-01-30
733,Wesley Mendoza,M,4894 Joshua Springs Apt. 252 Lake Timothy  CA 61673,faith58@gmail.com, 1922-01-14
734,Russell Reyes,M,1859 Lawrence Pines Suite 823 Port Carol  MH 51092,sarahlynch@gmail.com, 1996-09-03
738,Matthew Friedman,M,Unit 6729 Box 8334 DPO AE 65883,danny40@gmail.com, 1966-12-11
739,Laurie Harris,F,96658 David Hollow Apt. 549 North Courtney  VI 30099,zachary43@hotmail.com, 1950-01-12
74,Erin Mills,F,509 Todd Squares New Haley  KY 52588,jason59@yahoo.com, 2014-04-14
740,Edward Jackson,M,PSC 6182  Box 2998 APO AA 77846,sharonorozco@yahoo.com, 1979-07-26
741,William Bond,M,519 Elizabeth Square Brandonville  RI 40107,edwardsashley@yahoo.com, 1953-01-03
742,Jacob Hampton,M,1665 Crawford Meadows Apt. 291 East Michelle  MT 78263,reneemcmillan@hotmail.com, 1984-02-05
744,Karen Ramirez,F,43791 Sharon Ports Carpenterport  VA 43244,davidbrown@yahoo.com, 1991-02-18
745,Brandy Cole,F,9754 Sara Track Cassandraton  RI 34007,jonesrobert@yahoo.com, 1943-10-13
746,Desiree Hendrix,F,9550 Melissa Vista Duranberg  NV 49837,phillipjohnson@yahoo.com, 2021-03-25
748,Nicole Manning,F,82926 Cantu Squares Port Marystad  NC 39630,marissaholden@yahoo.com, 1961-12-29
749,Brett Reyes,M,689 Michael Loop South Michaelburgh  ME 36733,jonesjohn@yahoo.com, 1996-03-07
752,Raymond Hudson,M,56639 Christy Drive Suite 358 East Martin  MO 43741,chavezisabel@gmail.com, 1973-07-08
753,Mrs. Courtney White,F,1197 Ramirez Key Reynoldsmouth  PR 73262,isaiah60@hotmail.com, 2009-03-22
754,Jeffrey Chen,M,42006 Regina Roads Reedbury  WI 23764,elizabethwiley@gmail.com, 2008-06-17
755,Raymond Shaffer,M,626 Martin Brook Apt. 901 Tranland  DE 34278,allenkathy@yahoo.com, 2011-07-14
756,Samuel Wright,M,49536 Kimberly Divide South Claudiafurt  VI 87063,marc31@yahoo.com, 2023-11-14
759,Melinda Sawyer,F,USS Savage FPO AE 99945,humphreysteven@yahoo.com, 2001-11-15
76,Rachel Howe,F,9034 Roy Place New Eric  NE 98365,sarahperez@yahoo.com, 1936-04-12
760,William Lane,M,68059 Duncan Mill Kellyhaven  VA 98510,veronica96@gmail.com, 1953-06-25
761,Amanda Giles,F,82641 Alicia Meadows Suite 139 Amberview  MI 64653,debbie98@gmail.com, 1991-08-02
762,Kelly Warren,F,5809 Peter Ridge East Suzanne  SD 69631,coltonanderson@gmail.com, 1968-08-06
763,Joseph Guzman,M,99971 Rodriguez Vista Suite 673 Edwardsberg  RI 18116,dawnpeters@gmail.com, 2000-09-03
765,Matthew Kim,M,61148 Gina River Suite 297 Ethanbury  MA 27442,jasonmckinney@yahoo.com, 1991-12-19
768,James Nolan,M,52867 Evans Meadow Apt. 233 Kirbymouth  MO 17895,crawfordjean@hotmail.com, 1932-05-19
77,Mary Reed,F,679 Stevens Turnpike Lorettaton  IL 22772,tracystevens@hotmail.com, 1972-08-07
770,Amanda Hale,F,9486 Nathaniel Cape Petersonton  SC 73160,matthewwilliams@yahoo.com, 1971-03-13
771,Jennifer Reyes,F,169 Wright Rapid Suite 274 North Brittanyport  MP 54668,devin56@yahoo.com, 1977-07-06
773,Jennifer Santiago,F,35799 Christopher Squares Michellemouth  FL 40089,pwallace@hotmail.com, 1954-02-18
774,Victoria Williams,F,977 Hickman Overpass Suite 220 East Sherryview  PW 46742,linda81@hotmail.com, 2005-06-26
776,Kyle Smith,M,861 Richardson Canyon East Joshuaburgh  IN 33197,serranoashley@yahoo.com, 1952-06-11
777,John Harris,M,61947 Johnson Knoll South Jennifer  IN 27888,ramirezpeter@hotmail.com, 1943-07-25
778,Nicole Poole,F,33949 Thompson Via Suite 684 Markstad  WY 69588,david62@gmail.com, 1941-10-24
779,Elizabeth Coleman,F,82027 Sanchez Key North Christopherside  UT 72505,kristinajohnson@yahoo.com, 1917-07-08
780,Matthew Moon,M,032 Schmidt Views North Debbie  MP 64595,hmann@gmail.com, 1909-08-12
783,John Jones,M,53488 Lee Extension West Rachel  MP 06866,jessica00@gmail.com, 1953-10-04
784,Tammy Davis,F,7629 Gregory Forks Apt. 911 Rodriguezberg  TN 65057,henryevelyn@yahoo.com, 1966-12-07
785,Richard Dixon MD,M,69025 Wolfe Summit Lake Christophertown  CO 92542,griffinvanessa@hotmail.com, 1973-10-14
786,Holly Taylor,F,22618 Jonathan Hollow Dianaport  WA 14026,alanadams@hotmail.com, 1927-01-18
789,James Allen,M,42651 Webster Cliffs Morrisberg  HI 64720,fernandezhenry@yahoo.com, 1940-02-10
79,Jessica Peterson,F,98340 Laura Summit Apt. 811 Port Lindaport  SD 99439,nchavez@hotmail.com, 1925-01-31
790,Terry Kelly,M,Unit 8470 Box 1943 DPO AP 03518,mitchelljones@hotmail.com, 1932-10-09
791,Robert Villarreal,M,58056 Johnson Divide Apt. 099 Jesseshire  FM 72450,kelly35@hotmail.com, 2008-12-09
794,Nicholas Hamilton,M,544 Katherine Creek Apt. 877 Port April  IL 35202,stephanieyoung@hotmail.com, 1966-12-18
795,Juan Hayes,M,61753 Mark Road Apt. 276 Port Jamestown  AK 57524,curtislewis@gmail.com, 1920-04-12
797,Erin Sullivan,F,PSC 5387  Box 2842 APO AE 21354,ravila@hotmail.com, 1937-03-31
798,Rebecca Crane,F,Unit 2904 Box 8904 DPO AA 16412,esmith@yahoo.com, 1911-06-26
799,Pamela Rodriguez,F,54645 Dillon Lake Lauraville  UT 24741,kelly09@gmail.com, 1941-05-05
8,Jennifer Williams,F,770 Wagner Tunnel Suite 050 Port Ashleyborough  NV 47798,jessica25@hotmail.com, 1958-08-02
801,Brittany Mathews,F,09007 Barrett Road Suite 317 Melindachester  AS 39280,hernandezmichael@gmail.com, 1936-12-15
802,Amanda Gomez,F,493 Mcintyre Pines New Joshuaville  AZ 59924,mccarthyjonathan@yahoo.com, 2008-09-18
803,Felicia Rodriguez,F,9969 Melissa Views Apt. 143 Patrickport  NY 05366,fproctor@hotmail.com, 2001-08-28
804,Sandra Adams,F,3144 Daniel Mount Davidton  AS 10245,connorscott@gmail.com, 2013-12-28
805,Adrian Alexander,M,3003 James Drive Suite 238 Garrettland  KS 92119,garciashelby@hotmail.com, 1991-07-15
807,Joanna Wilkinson,F,345 Bonilla Drive Suite 434 Lake Danielle  DE 15930,chambersronald@gmail.com, 1999-05-18
808,Meredith Wright,F,040 Monica Ports Lake Melanie  RI 33724,clarkrobert@hotmail.com, 1960-04-28
809,Samantha Cruz,F,703 Gonzalez Common Port Reginaldton  CA 15710,lloydjoseph@yahoo.com, 2012-08-21
81,Michael Nguyen,M,Unit 3800 Box 7839 DPO AA 55137,flambert@hotmail.com, 1987-06-26
810,Jonathan Carter,M,6740 Miller Trafficway Apt. 823 Hillfurt  ME 04451,harrissharon@gmail.com, 1950-06-18
811,Maurice Erickson,M,Unit 1687 Box 2963 DPO AE 35420,morrowkristopher@hotmail.com, 1958-08-30
812,Kiara Golden,F,31355 Flores Cape Sabrinaberg  CA 52125,changryan@hotmail.com, 1998-02-18
814,Rebecca Alvarez,F,0623 Francisco Road West Matthewville  VT 71062,farmerjonathan@hotmail.com, 2022-12-14
815,Justin Orozco,M,89447 Jennifer Pike Apt. 803 Lake James  IN 82456,malonenicole@gmail.com, 2006-08-12
817,Allison Hartman,F,00605 Andrew Ridge Suite 539 Port Beth  VT 68719,brownmichelle@gmail.com, 1987-12-01
818,Shawn Robertson,M,805 Peter Forges North Dawn  SC 91361,jeremycamacho@yahoo.com, 1999-03-23
82,Michael Boyer,M,366 Joshua Inlet Apt. 161 North Erika  DC 85127,stevencarroll@yahoo.com, 1992-06-30
820,Marcia Cook,F,500 Kaufman Keys Suite 554 East Karen  CT 63704,melissalong@hotmail.com, 1912-10-17
821,Zachary Wilson,M,10626 Graham Plain West Edwin  RI 76021,gnovak@yahoo.com, 1996-11-15
823,Kyle Silva,M,93350 Garrett Burg Wilsonview  MI 00868,yharper@hotmail.com, 1965-09-01
824,Martin Riley,M,2269 Hunt Spring Kiddfurt  DC 25398,dolson@yahoo.com, 1951-11-06
825,Christopher Stevenson,M,853 Hunter Wells Apt. 139 Tylershire  DE 03649,bethanyadams@hotmail.com, 1987-09-04
826,Brett Cole,M,8957 John Prairie Stephenside  AL 81490,michael48@gmail.com, 1957-06-07
828,Elizabeth Robbins,F,USCGC Davidson FPO AE 26284,pattonbrandon@hotmail.com, 2021-11-20
829,Benjamin Jensen,M,1908 Gordon Summit Port Shawnstad  SD 26052,carlsonamy@yahoo.com, 1936-04-16
830,Misty Merritt,F,15443 Nicholas Turnpike Suite 802 North Tiffanyton  SC 13803,contrerasedward@hotmail.com, 2014-03-15
832,David Tran,M,3574 Riggs Parkway Jasonton  AL 44127,tnelson@yahoo.com, 1935-11-27
834,Colleen Webb,F,2760 Maria Row North Sarahtown  AK 66061,jasonkim@gmail.com, 1967-09-21
837,Heather Cobb,F,1405 Sean Squares Makaylaland  IL 77420,jeffreymorgan@yahoo.com, 1960-03-11
838,Katherine Miller,F,Unit 3077 Box 9130 DPO AE 76789,nelsonashley@yahoo.com, 1997-01-27
841,Jeffrey Davis,M,880 Sarah Corner West Katelyn  TN 48852,warrenkari@gmail.com, 1989-01-31
843,Tracy Barker,F,3100 Rachel Ways Christopherborough  NH 57030,uthomas@yahoo.com, 1952-10-24
844,Jason Martinez,M,70330 Kelly Prairie Suite 707 Dudleyland  NJ 10506,hallcory@gmail.com, 2014-11-26
845,Dale Martin,M,2568 Tammy Orchard Apt. 283 South Michaelberg  NV 95785,walkerjoshua@hotmail.com, 1930-03-12
848,Melanie Black,F,USCGC Kelley FPO AE 06615,wayne42@hotmail.com, 1919-07-14
854,Cynthia Drake,F,858 Martha Knolls Suite 534 Lindsayburgh  WV 79491,elizabethbailey@yahoo.com, 2006-11-20
855,Paul James,M,643 Thomas Isle Suite 247 Luisshire  VI 39988,sara35@yahoo.com, 1994-03-06
856,Danielle Haney,F,01537 Charles Loaf New Devin  CT 83323,kellysnyder@gmail.com, 1994-06-21
859,Craig Burns,M,07800 Joseph Green New Blakebury  IL 66999,mbrown@yahoo.com, 1918-01-03
86,Veronica Cross,F,3833 Michaela Glens North Garrettburgh  OK 96011,gordonharry@hotmail.com, 1918-03-30
864,Darlene Barajas,F,7108 Rachel Station Port Justinburgh  TN 27355,swallace@yahoo.com, 1924-12-11
865,Melvin Hall,M,610 Adkins Island Spencertown  MI 50956,sstanley@gmail.com, 1947-04-01
866,Janet Williams,F,962 Dale Loaf New Tiffanyview  WA 49552,dreyes@hotmail.com, 1939-01-04
867,Douglas Marshall,M,9942 Maldonado Roads Apt. 069 North Gabrielborough  KY 86042,rileywilliam@yahoo.com, 2000-05-15
868,Grant Bennett,M,8325 Kim Lodge Suite 172 Lake Brittany  AS 22469,hbond@gmail.com, 1992-10-12
869,Stephanie Nelson,F,532 Brandon Burg Suite 024 Lisaland  OK 69631,andrewhart@gmail.com, 1974-10-19
87,Priscilla Campos,F,088 Campbell Causeway North Richard  IN 97188,singhangela@yahoo.com, 1953-11-27
871,Patrick Clark,M,0907 Sherri Forks Apt. 572 North Tonyatown  DC 11261,wrightmichelle@gmail.com, 1967-04-02
874,Tina Boyd,F,731 Jonathan Centers Suite 909 Blackwellland  MA 90788,corygrimes@gmail.com, 1992-10-19
875,Matthew Davis,M,Unit 8835 Box 0608 DPO AA 75819,cooperdanny@yahoo.com, 1969-07-12
877,Timothy Barnett Jr.,M,85828 Leah Brooks Apt. 079 Nicholehaven  ME 09659,wgilmore@gmail.com, 2007-01-01
879,Jaime Anderson,F,123 Martin Union Amybury  RI 82527,millerspencer@gmail.com, 1983-01-01
88,Donna Moss,F,442 Brittney Harbor Suite 057 Thomaston  MT 54790,marie96@gmail.com, 1953-03-04
880,Daniel Cook,M,4203 Garcia Tunnel Suite 420 South Deborah  AS 61296,kyle78@yahoo.com, 1999-12-20
881,Matthew Johnston,M,08063 Jesus Points Benjaminhaven  VT 14161,laneerica@gmail.com, 1977-02-15
882,Alyssa Rodriguez,F,0812 Camacho Viaduct Port Ronaldville  IL 84878,wsmith@gmail.com, 1922-06-21
884,Charles Ross,M,1738 Beck Glens Aguilarmouth  HI 55921,bberry@yahoo.com, 1938-04-25
885,Andrea Farmer,F,43251 Patrick Gateway Apt. 654 West Toddmouth  IA 12902,markmorris@hotmail.com, 1968-10-01
886,Shane Espinoza,M,PSC 4087  Box 9394 APO AE 47149,michael62@hotmail.com, 1956-10-04
887,Julie Benson,F,558 Nelson Lake Charlesburgh  CA 06562,racheldecker@gmail.com, 1992-06-09
890,Melissa Ryan,F,991 Heather Fork Apt. 514 Wongside  NY 18482,wtaylor@yahoo.com, 2004-05-10
891,Jamie Green,F,USS Brown FPO AA 85140,andrewgallagher@hotmail.com, 1951-12-02
893,Maxwell Nunez,M,87288 Valdez Green Andreafurt  OR 51376,hrodgers@yahoo.com, 1914-01-16
894,Deborah Benson,F,284 Cooper Gateway Apt. 516 New Gregory  ID 57368,nespinoza@yahoo.com, 1949-03-10
896,Michael Arnold,M,922 Crawford Trafficway Apt. 180 Joport  WA 47639,grant98@gmail.com, 1970-09-01
897,Austin Roberts,M,42587 Kevin Parkways Apt. 368 Brownhaven  DC 35000,toddbass@hotmail.com, 1952-01-01
899,Jessica Harrison,F,3628 David Springs Apt. 991 Hamiltonport  AS 66390,moyerelizabeth@hotmail.com, 1938-05-30
90,Robert Douglas,M,43128 Amy Lane Lindaburgh  MI 18568,laurarobbins@hotmail.com, 2014-03-06
900,Stephanie Bailey,F,897 Cummings Bypass East Anthony  VT 54052,whiteheadtiffany@hotmail.com, 1981-04-02
901,Madison Hanna,F,650 Zachary Walks Apt. 369 Alexshire  IN 98423,underwoodmichael@yahoo.com, 2021-07-09
902,Joseph Kelley,M,6508 John Parkway South Charlotte  FM 52190,desiree44@gmail.com, 1975-02-27
906,Travis Maynard,M,963 Ibarra Squares Wadechester  LA 30630,moorejames@yahoo.com, 1917-06-08
907,Joshua Thompson,M,126 Carpenter Turnpike Lake Andrewshire  MH 38903,travis80@yahoo.com, 2002-08-05
909,Sandy White,F,5459 Haynes Highway Apt. 836 Seanchester  OR 20377,eugenerobles@gmail.com, 1931-04-05
91,Jerry Neal,M,40217 Joe Parks West Stephanieton  AL 00952,carriepacheco@gmail.com, 1940-03-22
910,Sean Curtis,M,78597 Joseph Mall Lake Lori  AS 66838,hdiaz@yahoo.com, 1957-08-14
911,Sean Williams,M,Unit 5299 Box 0629 DPO AA 83639,mayamanda@gmail.com, 1919-03-05
912,Ryan Randolph,M,3142 Craig Island Apt. 865 Melissaville  MH 73670,micheal46@gmail.com, 1960-01-03
916,Rita Patel,F,58013 Seth River Richardbury  SC 08862,cassandraperez@hotmail.com, 1993-04-15
919,Ashley Hall,F,75836 Roberto Estates Riveraland  NH 88467,timothywillis@gmail.com, 1919-02-06
92,Jeremy Leonard,M,56522 Le Viaduct Suite 048 Stevenschester  MT 21734,jonathansmith@yahoo.com, 1991-05-19
924,Nicole Morris,F,215 Gary Keys South Connor  AL 64148,brandi86@yahoo.com, 1939-12-28
925,Morgan Long,F,1051 Nicole Corner Suite 066 Williambury  MH 53256,harrisjeffrey@hotmail.com, 1961-12-14
926,David Hill,M,388 Schaefer Parks Apt. 334 New Heiditown  NV 55365,daniel31@gmail.com, 2021-10-07
928,Susan Kramer,F,879 Stevens Estates Suite 177 Tammybury  MA 31111,qreed@hotmail.com, 1919-10-04
929,Michelle Marshall,F,05776 Nicholas Manor Suite 471 Tonyatown  MT 96090,joeknox@gmail.com, 2016-05-01
930,Jeffrey Fitzpatrick,M,5796 Vincent Hollow Suite 027 Mooremouth  CA 00664,donovanfrank@hotmail.com, 1966-08-26
931,Allison Wood,F,684 Stanley Turnpike Suite 882 Port Justin  MH 27921,clarkmichael@yahoo.com, 1925-09-09
933,Christian Horton,M,06389 Robert Road Wellschester  VI 26795,matthewcollins@hotmail.com, 2017-05-23
934,Hunter Cooper,M,00556 Amber Spring Lake Kelsey  MT 56783,benjamin80@gmail.com, 1912-12-10
936,Tonya Hanson,F,607 Turner Fort Heatherberg  PA 76994,cherylwarner@hotmail.com, 1968-11-22
937,Joshua Brown,M,6179 Williams Summit Apt. 996 Deborahside  TN 30711,cfrench@yahoo.com, 1916-09-19
94,Morgan Taylor,F,351 Vaughan Ridge Suite 777 Moranmouth  NM 87108,lindsay85@gmail.com, 1959-03-20
940,Sabrina Valdez,F,PSC 3471  Box 3608 APO AA 75606,hmoreno@hotmail.com, 1996-06-30
941,Michael Green,M,58354 Morton Turnpike Elliottborough  WI 02822,tgibson@gmail.com, 1937-03-25
942,Carla Paul,F,01177 Taylor Mews Apt. 243 Jamesbury  CT 56026,ericastevens@gmail.com, 1939-11-14
943,Jessica Schmidt,F,PSC 5003  Box 8762 APO AA 91017,mark70@hotmail.com, 1949-05-26
945,Ashley Grant,F,6332 Cheryl Union East Kaylaberg  MP 16624,bmorgan@gmail.com, 1922-05-01
946,Jenna Murphy,F,2363 Pineda Underpass Suite 668 Port Cherylland  MP 04066,ramirezjacqueline@yahoo.com, 1922-10-29
947,Jonathan Aguilar,M,271 Carroll Springs Warestad  FM 24450,erikfischer@gmail.com, 1944-10-16
948,Brenda Lopez,F,6524 Joseph Causeway Kennethmouth  OR 72401,martinscott@yahoo.com, 1997-04-23
95,Crystal Perez,F,4833 Herrera Branch Apt. 384 Zimmermanborough  MI 68734,david38@yahoo.com, 1958-06-12
956,Robert Rodriguez,M,Unit 6187 Box 4280 DPO AP 12881,davidmarks@gmail.com, 1999-12-13
957,Priscilla Martinez,F,7134 Davis View Suite 463 Kennethtown  HI 82299,michaelbarnes@yahoo.com, 1962-12-14
958,Evelyn Martin,F,670 Harrington Branch Natalieshire  DE 32403,kcochran@yahoo.com, 1995-03-13
959,Matthew Perry,M,32835 Murray Pass Joshuamouth  IA 59959,william79@hotmail.com, 1986-12-28
963,Nancy Wiley,F,48276 Arnold Stravenue Port Lauren  MD 03089,srobinson@gmail.com, 1963-08-30
964,Jordan Mcguire,M,USS Lopez FPO AA 61358,ycarpenter@gmail.com, 1999-06-13
965,Joshua Bowen,M,USNS Mcpherson FPO AA 25794,mendezjacqueline@gmail.com, 1941-08-13
966,Gilbert Mcclain,M,07732 Alexa Orchard Suite 840 West Katherine  IA 95485,paul14@hotmail.com, 2012-09-20
967,Jessica Morales,F,9393 Snyder Brooks Suite 937 West Christina  OH 45746,jenningsbarbara@hotmail.com, 1915-07-11
968,Todd Burton,M,91949 Christopher Plain Apt. 982 Josephbury  AL 10150,annaparker@hotmail.com, 2007-09-15
97,Donna Gonzales DVM,F,6260 Frank Courts Apt. 563 Roweburgh  DC 71807,karen59@hotmail.com, 1982-09-17
970,Angela Anderson,F,60412 Laurie Rapid Suite 298 Wyattport  SD 92057,tammyhenderson@yahoo.com, 2012-03-09
971,Sharon Smith,F,1668 Wagner Passage Suite 558 Amyton  FM 45304,donalddowns@yahoo.com, 2004-08-05
973,Crystal Ramirez,F,4171 Scott Skyway Suite 882 Jamesbury  SC 94994,brittany61@hotmail.com, 1993-07-25
974,Shelby Skinner,F,18033 Anderson Well Apt. 163 Kimberg  WI 03498,zphillips@hotmail.com, 2010-11-15
977,Jeanette Heath,F,19484 Clark Plain New Maria  GA 60059,brendatucker@hotmail.com, 2020-03-27
980,Jonathan Bowman,M,8059 Ann Views Sethchester  MP 38196,terrellcarol@yahoo.com, 1995-02-11
981,Sara Wade,F,923 Green Landing Apt. 348 Lake Robert  SC 30332,alexanderhood@gmail.com, 1916-02-19
982,Joshua Phillips,M,USS Brooks FPO AA 88122,nathanleon@gmail.com, 1965-02-13
984,William Myers,M,432 Karen Mission Warrenland  SC 60978,nmarshall@yahoo.com, 1935-05-29
985,Peter Freeman,M,489 Brown Plaza Suite 693 New Jasonfort  LA 88925,nashdanielle@hotmail.com, 1917-05-26
986,Mackenzie Mayo,F,010 Davis Island Apt. 371 New Jeffrey  WY 43112,bradley51@yahoo.com, 2007-12-31
987,Thomas Campbell,M,588 Cody Mountain Stephenston  AK 94848,terrygeorge@hotmail.com, 1988-03-05
988,Sharon Hall,F,00229 Newton Ferry Lake Katherine  TN 29624,elizabethcontreras@gmail.com, 1973-03-11
989,Joshua Robinson,M,4622 David Meadow New Jeanne  WA 68963,morganreed@hotmail.com, 1976-05-09
990,Joseph Ryan,M,009 Hernandez Alley New Charles  IA 11010,medinajames@gmail.com, 1931-07-22
991,Alexis Curtis,F,2507 Willis Loop Sloanland  LA 92952,duranchris@hotmail.com, 2015-03-20
992,Amber Yates,F,254 Kathy Plains Haydenborough  FM 41431,edwardmclaughlin@gmail.com, 1928-08-24
996,Mark Riggs,M,0506 Tiffany Ramp Suite 035 South Kyle  DC 93144,qpeterson@hotmail.com, 1933-03-20
997,Craig Garza,M,411 Flowers Cove Suite 234 Michaelhaven  KY 93723,alvaradoalejandro@yahoo.com, 2017-06-01
998,Sarah Hoover,F,853 Lisa Fork North Allison  CA 46961,kara52@gmail.com, 1993-11-17
999,Matthew Hernandez,M,154 Andrew Cliff Apt. 863 Johnsmouth  WI 34952,cross@gmail.com, 1958-11-25
